F2020042100002153-1,https://www.lost112.go.kr/lostnfs/images/uploadImg/thumbnail/20200324/20200324115001918.JPG,전자기기,기타용품,핑크,연한핑크
F2020042100002135-1,https://www.lost112.go.kr/lostnfs/images/uploadImg/thumbnail/20200324/20200324022251287.JPG,전자기기,기타용품,화이트,흰
F2020042100002133-1,https://www.lost112.go.kr/lostnfs/images/uploadImg/thumbnail/20200324/20200324022418451.JPG,전자기기,기타용품,화이트,흰
F2020042100001967-1,https://www.lost112.go.kr/lostnfs/images/uploadImg/thumbnail/20200421/20200421051744998.jpg,지갑,여성용 지갑,블랙,검정
F2020042100001874-1,https://www.lost112.go.kr/lostnfs/images/uploadImg/thumbnail/20200421/r_20200421040828867.jpg,지갑,남성용 지갑,브라운,갈
F2020042100001727-1,https://www.lost112.go.kr/lostnfs/images/uploadImg/thumbnail/20200421/20200421041944721.jpg,자동차,자동차열쇠,블랙,검정
F2020042100001832-1,https://www.lost112.go.kr/lostnfs/images/uploadImg/thumbnail/20200421/r_20200421035802215.jpg,지갑,남성용 지갑,코럴,산호
F2020042100001533-1,https://www.lost112.go.kr/lostnfs/images/uploadImg/thumbnail/20200421/r_20200421032454379.jpg,전자기기,기타용품,화이트,흰
F2020042100001527-1,https://www.lost112.go.kr/lostnfs/images/uploadImg/thumbnail/20200421/r_20200421032210005.jpg,가방,기타가방,블랙,검정
F2020042100001525-1,https://www.lost112.go.kr/lostnfs/images/uploadImg/thumbnail/20200421/r_20200421032145153.jpg,의류,기타의류,블랙,검정
F2020042100001521-1,https://www.lost112.go.kr/lostnfs/images/uploadImg/thumbnail/20200421/r_20200421032109966.jpg,전자기기,카메라,그레이,회
F2020042100001519-1,https://www.lost112.go.kr/lostnfs/images/uploadImg/thumbnail/20200421/r_20200421032316675.jpg,도서용품,기타서적,화이트,흰
F2020042100001517-1,https://www.lost112.go.kr/lostnfs/images/uploadImg/thumbnail/20200421/r_20200421032236917.jpg,쇼핑백,쇼핑백,터키오이스,옥
F2020042100001515-1,https://www.lost112.go.kr/lostnfs/images/uploadImg/thumbnail/20200421/r_20200421032424050.jpg,전자기기,기타용품,화이트,흰
F2020042100001429-1,https://www.lost112.go.kr/lostnfs/images/uploadImg/thumbnail/20200421/r_20200421025645439.jpg,지갑,남성용 지갑,코발트,짙은청록
F2020042100001364-1,https://www.lost112.go.kr/lostnfs/images/uploadImg/thumbnail/20200421/20200421024720346.jpg,지갑,기타 지갑,블랙,검정
F2020042100001413-1,https://www.lost112.go.kr/lostnfs/images/uploadImg/thumbnail/20200421/r_20200421024811944.jpg,지갑,여성용 지갑,레드,연한레드
F2020042100001316-1,https://www.lost112.go.kr/lostnfs/images/uploadImg/thumbnail/20200421/20200421022727539.jpg,지갑,여성용 지갑,블랙,검정
F2020042100001292-1,https://www.lost112.go.kr/lostnfs/images/uploadImg/thumbnail/20200421/r_20200421022229306.jpg,지갑,여성용 지갑,블랙,검정
F2020042100001288-1,https://www.lost112.go.kr/lostnfs/images/uploadImg/thumbnail/20200421/r_20200421022303064.jpg,지갑,여성용 지갑,블랙,검정
F2020042100001286-1,https://www.lost112.go.kr/lostnfs/images/uploadImg/thumbnail/20200421/r_20200421022325469.jpg,지갑,여성용 지갑,브라운,갈
F2020042100001282-1,https://www.lost112.go.kr/lostnfs/images/uploadImg/thumbnail/20200421/r_20200421022346975.jpg,지갑,여성용 지갑,블랙,검정
F2020042100001280-1,https://www.lost112.go.kr/lostnfs/images/uploadImg/thumbnail/20200421/r_20200421022431314.jpg,지갑,여성용 지갑,그린,초록
F2020042100001278-1,https://www.lost112.go.kr/lostnfs/images/uploadImg/thumbnail/20200421/r_20200421022713418.jpg,지갑,여성용 지갑,블랙,검정
F2020042100001270-1,https://www.lost112.go.kr/lostnfs/images/uploadImg/thumbnail/20200421/r_20200421022446477.jpg,지갑,여성용 지갑,핑크,연한핑크
F2020042100001266-1,https://www.lost112.go.kr/lostnfs/images/uploadImg/thumbnail/20200421/r_20200421023128345.jpg,지갑,여성용 지갑,블랙,검정
F2020042100001258-1,https://www.lost112.go.kr/lostnfs/images/uploadImg/thumbnail/20200421/r_20200421022921569.jpg,지갑,남성용 지갑,블랙,검정
F2020042100001256-1,https://www.lost112.go.kr/lostnfs/images/uploadImg/thumbnail/20200421/r_20200421022937415.jpg,지갑,여성용 지갑,핑크,연한핑크
F2020042100001254-2,https://www.lost112.go.kr/lostnfs/images/uploadImg/thumbnail/20200421/r_20200421045036136.jpg,현금,현금,네온그린,형광초록
F2020042100001252-1,https://www.lost112.go.kr/lostnfs/images/uploadImg/thumbnail/20200421/r_20200421023016071.jpg,지갑,여성용 지갑,블랙,검정
F2020042100001250-1,https://www.lost112.go.kr/lostnfs/images/uploadImg/thumbnail/20200421/r_20200421022954667.jpg,지갑,남성용 지갑,블랙,검정
F2020042100001246-1,https://www.lost112.go.kr/lostnfs/images/uploadImg/thumbnail/20200421/r_20200421022900406.jpg,지갑,여성용 지갑,핑크,연한핑크
F2020042100001244-1,https://www.lost112.go.kr/lostnfs/images/uploadImg/thumbnail/20200421/r_20200421023030936.jpg,지갑,남성용 지갑,블랙,검정
F2020042100001244-1,https://www.lost112.go.kr/lostnfs/images/uploadImg/thumbnail/20200421/r_20200421023030936.jpg,지갑,남성용 지갑,블랙,검정
F2020042100001218-1,https://www.lost112.go.kr/lostnfs/images/uploadImg/thumbnail/20200421/r_20200421022841727.jpg,지갑,남성용 지갑,블랙,검정
F2020042100001210-1,https://www.lost112.go.kr/lostnfs/images/uploadImg/thumbnail/20200421/r_20200421020025937.jpg,휴대폰,삼성휴대폰,피치오렌지,오렌지
F2020042100001206-1,https://www.lost112.go.kr/lostnfs/images/uploadImg/thumbnail/20200421/r_20200421022641386.jpg,지갑,여성용 지갑,블랙,검정
F2020042100001204-1,https://www.lost112.go.kr/lostnfs/images/uploadImg/thumbnail/20200421/r_20200421022811059.jpg,유가증권,기타,블랙,검정
F2020042100001146-1,https://www.lost112.go.kr/lostnfs/images/uploadImg/thumbnail/20200421/r_20200421023145048.jpg,지갑,여성용 지갑,레드,연한레드
F2020042100001140-1,https://www.lost112.go.kr/lostnfs/images/uploadImg/thumbnail/20200421/r_20200421022556383.jpg,지갑,여성용 지갑,블랙,검정
F2020042100001136-1,https://www.lost112.go.kr/lostnfs/images/uploadImg/thumbnail/20200421/r_20200421022524919.jpg,지갑,남성용 지갑,블랙,검정
F2020042100000971-1,https://www.lost112.go.kr/lostnfs/images/uploadImg/thumbnail/20200421/20200421011513996.jpg,휴대폰,삼성휴대폰,코럴,산호
F2020042100000797-1,https://www.lost112.go.kr/lostnfs/images/uploadImg/thumbnail/20200421/r_20200421010519922.jpg,지갑,여성용 지갑,브라운,갈
F2020042100000795-1,https://www.lost112.go.kr/lostnfs/images/uploadImg/thumbnail/20200421/r_20200421010506881.jpg,지갑,남성용 지갑,블랙,검정
F2020042100000940-1,https://www.lost112.go.kr/lostnfs/images/uploadImg/thumbnail/20200421/20200421124759191.jpg,지갑,기타 지갑,코럴,산호
F2020042100000655-1,https://www.lost112.go.kr/lostnfs/images/uploadImg/thumbnail/20200421/20200421111848893.jpg,가방,기타가방,그린,초록
F2020042100000598-1,https://www.lost112.go.kr/lostnfs/images/uploadImg/thumbnail/20200421/20200421104214750.jpg,지갑,여성용 지갑,블랙,검정
F2020042100000261-1,https://www.lost112.go.kr/lostnfs/images/uploadImg/thumbnail/20200421/r_20200421014025103.jpg,기타물품,기타,블랙,검정
F2020042100000209-1,https://www.lost112.go.kr/lostnfs/images/uploadImg/thumbnail/20200421/r_20200421082656346.jpg,휴대폰,삼성휴대폰,블랙,검정
F2020042100000203-1,https://www.lost112.go.kr/lostnfs/images/uploadImg/thumbnail/20200421/r_20200421082402162.jpg,휴대폰,삼성휴대폰,블랙,검정
F2020042100000179-1,https://www.lost112.go.kr/lostnfs/images/uploadImg/thumbnail/20200421/r_20200421081207789.jpg,지갑,기타 지갑,그레이,회
V0001512F04210014-1,https://www.lost112.go.kr/lostnfs/images/uploadImg/thumbnail/20200421/20200421063047081.JPG,기타물품,기타,화이트,흰
F2020042000001866-1,https://www.lost112.go.kr/lostnfs/images/uploadImg/thumbnail/20200421/r_20200421021036659.jpg,휴대폰,아이폰,블랙,검정
F2020042000001866-1,https://www.lost112.go.kr/lostnfs/images/uploadImg/thumbnail/20200421/r_20200421021036659.jpg,휴대폰,아이폰,블랙,검정
F2020042000001846-1,https://www.lost112.go.kr/lostnfs/images/uploadImg/thumbnail/20200420/20200420050001081.jpg,지갑,여성용 지갑,레드,연한레드
F2020042000002421-1,https://www.lost112.go.kr/lostnfs/images/uploadImg/thumbnail/20200420/r_20200420045105961.jpg,귀금속,시계,블랙,검정
F2020042000002407-1,https://www.lost112.go.kr/lostnfs/images/uploadImg/thumbnail/20200420/r_20200420044921082.jpg,귀금속,시계,다크오렌지,어두운오렌지
F2020042000002395-1,https://www.lost112.go.kr/lostnfs/images/uploadImg/thumbnail/20200420/r_20200420050721865.jpg,자동차,기타용품,블랙,검정
F2020042000001786-1,https://www.lost112.go.kr/lostnfs/images/uploadImg/thumbnail/20200420/r_20200420043715608.jpg,기타물품,기타,퓨시아,자홍
F2020042000001786-1,https://www.lost112.go.kr/lostnfs/images/uploadImg/thumbnail/20200420/r_20200420043715608.jpg,기타물품,기타,퓨시아,자홍
F2020042000002163-1,https://www.lost112.go.kr/lostnfs/images/uploadImg/thumbnail/20200420/20200420041458729.jpg,지갑,여성용 지갑,블랙,검정
F2020042000002155-1,https://www.lost112.go.kr/lostnfs/images/uploadImg/thumbnail/20200420/20200420040953638.jpg,지갑,남성용 지갑,그레이,회
F2020042000001694-1,https://www.lost112.go.kr/lostnfs/images/uploadImg/thumbnail/20200420/r_20200420040553967.jpg,지갑,남성용 지갑,블랙,검정
F2020042000002123-4,https://www.lost112.go.kr/lostnfs/images/uploadImg/thumbnail/20200421/20200421054803860.jpg,기타물품,기타,블랙,검정
F2020042000001965-1,https://www.lost112.go.kr/lostnfs/images/uploadImg/thumbnail/20200420/r_20200420035539889.jpg,쇼핑백,쇼핑백,화이트,흰
F2020042000001941-1,https://www.lost112.go.kr/lostnfs/images/uploadImg/thumbnail/20200420/r_20200420035628549.jpg,가방,기타가방,브라운,갈
F2020042000001923-1,https://www.lost112.go.kr/lostnfs/images/uploadImg/thumbnail/20200420/r_20200420035722782.jpg,기타물품,기타,화이트,흰
F2020042000001913-1,https://www.lost112.go.kr/lostnfs/images/uploadImg/thumbnail/20200417/20200417031703968.jpg,현금,현금,로열블루,밝은남
F2020042000001907-1,https://www.lost112.go.kr/lostnfs/images/uploadImg/thumbnail/20200412/20200412024312741.jpg,현금,현금,핑크,연한핑크
F2020042000001903-1,https://www.lost112.go.kr/lostnfs/images/uploadImg/thumbnail/20200417/20200417100728786.jpg,휴대폰,LG휴대폰,블랙,검정
F2020042000001901-1,https://www.lost112.go.kr/lostnfs/images/uploadImg/thumbnail/20200420/20200420041231731.jpg,휴대폰,삼성휴대폰,블랙,검정
F2020042000001899-1,https://www.lost112.go.kr/lostnfs/images/uploadImg/thumbnail/20200413/20200413015053899.jpg,휴대폰,삼성휴대폰,블루,파랑
F2020042000001895-1,https://www.lost112.go.kr/lostnfs/images/uploadImg/thumbnail/20200408/20200408013214339.jpg,휴대폰,삼성휴대폰,블랙,검정
F2020042000001893-1,https://www.lost112.go.kr/lostnfs/images/uploadImg/thumbnail/20200407/r_20200407053105552.jpg,휴대폰,아이폰,화이트,흰
F2020042000001891-1,https://www.lost112.go.kr/lostnfs/images/uploadImg/thumbnail/20200229/20200229082452857.jpg,휴대폰,삼성휴대폰,다크오렌지,어두운오렌지
F2020042000001879-1,https://www.lost112.go.kr/lostnfs/images/uploadImg/thumbnail/20200416/20200416043438735.jpg,기타물품,기타,브라운,갈
F2020042000001875-1,https://www.lost112.go.kr/lostnfs/images/uploadImg/thumbnail/20200420/r_20200420035910274.jpg,서류,서류,화이트,흰
F2020042000001849-1,https://www.lost112.go.kr/lostnfs/images/uploadImg/thumbnail/20200420/20200420033646611.jpg,지갑,남성용 지갑,그레이,회
F2020042000001845-1,https://www.lost112.go.kr/lostnfs/images/uploadImg/thumbnail/20200420/r_20200420040008341.jpg,가방,기타가방,블랙,검정
F2020042000001843-1,https://www.lost112.go.kr/lostnfs/images/uploadImg/thumbnail/20200416/20200416043206744.jpg,지갑,기타 지갑,다크레드,진빨강
F2020042000001821-1,https://www.lost112.go.kr/lostnfs/images/uploadImg/thumbnail/20200420/r_20200420040107295.jpg,가방,기타가방,샤르트뢰즈,역녹
F2020042000001809-1,https://www.lost112.go.kr/lostnfs/images/uploadImg/thumbnail/20200420/r_20200420040214890.jpg,가방,기타가방,그레이,회
F2020042000001787-1,https://www.lost112.go.kr/lostnfs/images/uploadImg/thumbnail/20200420/r_20200420040317554.jpg,도서용품,기타서적,화이트,흰
F2020042000001771-1,https://www.lost112.go.kr/lostnfs/images/uploadImg/thumbnail/20200420/r_20200420040511670.jpg,기타물품,기타,화이트,흰
F2020042000001496-3,https://www.lost112.go.kr/lostnfs/images/uploadImg/thumbnail/20200421/r_20200421102731477.jpg,현금,현금,화이트,흰
F2020042000001496-1,https://www.lost112.go.kr/lostnfs/images/uploadImg/thumbnail/20200421/r_20200421102731477.jpg,지갑,남성용 지갑,블랙,검정
F2020042000001496-2,https://www.lost112.go.kr/lostnfs/images/uploadImg/thumbnail/20200421/r_20200421102731477.jpg,증명서,면허증,화이트,흰
F2020042000001661-1,https://www.lost112.go.kr/lostnfs/images/uploadImg/thumbnail/20200420/r_20200420040602467.jpg,컴퓨터,기타,실버,은
F2020042000001633-1,https://www.lost112.go.kr/lostnfs/images/uploadImg/thumbnail/20200420/r_20200420040704061.jpg,의류,기타의류,핑크,연한핑크
F2020042000001625-1,https://www.lost112.go.kr/lostnfs/images/uploadImg/thumbnail/20200420/r_20200420040800576.jpg,쇼핑백,쇼핑백,다크오렌지,어두운오렌지
F2020042000001591-1,https://www.lost112.go.kr/lostnfs/images/uploadImg/thumbnail/20200421/r_20200421104822185.jpg,휴대폰,삼성휴대폰,블랙,검정
F2020042000001308-1,https://www.lost112.go.kr/lostnfs/images/uploadImg/thumbnail/20200420/r_20200420024944959.jpg,의류,모자,핑크,연한핑크
F2020042000001306-1,https://www.lost112.go.kr/lostnfs/images/uploadImg/thumbnail/20200420/r_20200420024723287.jpg,의류,신발,블랙,검정
F2020042000001294-1,https://www.lost112.go.kr/lostnfs/images/uploadImg/thumbnail/20200420/r_20200420024904996.jpg,귀금속,반지,엘로우,노랑
F2020042000001266-1,https://www.lost112.go.kr/lostnfs/images/uploadImg/thumbnail/20200421/r_20200421092301678.jpg,자동차,자동차열쇠,블랙,검정
F2020042000001258-1,https://www.lost112.go.kr/lostnfs/images/uploadImg/thumbnail/20200421/r_20200421092339070.jpg,지갑,여성용 지갑,블랙,검정
F2020042000001377-1,https://www.lost112.go.kr/lostnfs/images/uploadImg/thumbnail/20200420/20200420021749788.jpg,지갑,남성용 지갑,블랙,검정
F2020042000001244-1,https://www.lost112.go.kr/lostnfs/images/uploadImg/thumbnail/20200421/r_20200421112740302.jpg,지갑,기타 지갑,블랙,검정
F2020042000001313-1,https://www.lost112.go.kr/lostnfs/images/uploadImg/thumbnail/20200420/20200420021016457.jpg,휴대폰,삼성휴대폰,바이올렛,보라
F2020042000001202-1,https://www.lost112.go.kr/lostnfs/images/uploadImg/thumbnail/20200420/r_20200420020736232.jpg,지갑,여성용 지갑,핑크,연한핑크
V0001534F04200046-1,https://www.lost112.go.kr/lostnfs/images/uploadImg/thumbnail/20200420/20200420020251759.JPG,기타물품,기타,블랙,검정
F2020042000001277-1,https://www.lost112.go.kr/lostnfs/images/uploadImg/thumbnail/20200420/20200420020146130.jpg,휴대폰,삼성휴대폰,브라운,갈
F2020042000001137-1,https://www.lost112.go.kr/lostnfs/images/uploadImg/thumbnail/20200420/20200420014850768.jpg,지갑,여성용 지갑,블랙,검정
F2020042000001162-1,https://www.lost112.go.kr/lostnfs/images/uploadImg/thumbnail/20200420/r_20200420014254638.jpg,지갑,여성용 지갑,시안,청록
F2020042000001158-1,https://www.lost112.go.kr/lostnfs/images/uploadImg/thumbnail/20200420/r_20200420014156268.jpg,쇼핑백,쇼핑백,화이트,흰
F2020042000001156-1,https://www.lost112.go.kr/lostnfs/images/uploadImg/thumbnail/20200420/r_20200420014003756.jpg,가방,남성용가방,블랙,검정
F2020042000001150-1,https://www.lost112.go.kr/lostnfs/images/uploadImg/thumbnail/20200420/r_20200420013734097.jpg,가방,기타가방,블랙,검정
V0002578F04200004-1,https://www.lost112.go.kr/lostnfs/images/uploadImg/thumbnail/20200420/20200420013127291.jpg,지갑,기타 지갑,그린,초록
V0002578F04200004-1,https://www.lost112.go.kr/lostnfs/images/uploadImg/thumbnail/20200420/20200420013127291.jpg,지갑,기타 지갑,그린,초록
V0002578F04200002-1,https://www.lost112.go.kr/lostnfs/images/uploadImg/thumbnail/20200420/20200420013025575.jpg,지갑,기타 지갑,코럴,산호
F2020042000001118-1,https://www.lost112.go.kr/lostnfs/images/uploadImg/thumbnail/20200420/r_20200420012655826.jpg,기타물품,기타,화이트,흰
F2020042000000989-1,https://www.lost112.go.kr/lostnfs/images/uploadImg/thumbnail/20200406/r_20200406065115375.jpg,쇼핑백,쇼핑백,화이트,흰
F2020042000001110-1,https://www.lost112.go.kr/lostnfs/images/uploadImg/thumbnail/20200420/r_20200420012256378.jpg,귀금속,안경,화이트,흰
F2020042000001106-1,https://www.lost112.go.kr/lostnfs/images/uploadImg/thumbnail/20200420/r_20200420012129397.jpg,도서용품,기타서적,화이트,흰
F2020042000001102-1,https://www.lost112.go.kr/lostnfs/images/uploadImg/thumbnail/20200420/20200420011745508.jpg,휴대폰,아이폰,블랙,검정
F2020042000000975-1,https://www.lost112.go.kr/lostnfs/images/uploadImg/thumbnail/20200421/r_20200421015357795.jpg,휴대폰,삼성휴대폰,화이트,흰
F2020042000000971-1,https://www.lost112.go.kr/lostnfs/images/uploadImg/thumbnail/20200420/r_20200420011452846.jpg,쇼핑백,쇼핑백,브라운,갈
F2020042000001092-1,https://www.lost112.go.kr/lostnfs/images/uploadImg/thumbnail/20200420/r_20200420011446617.jpg,전자기기,기타용품,화이트,흰
F2020042000001066-1,https://www.lost112.go.kr/lostnfs/images/uploadImg/thumbnail/20200420/20200420010739994.jpg,지갑,기타 지갑,그레이,회
F2020042000001016-1,https://www.lost112.go.kr/lostnfs/images/uploadImg/thumbnail/20200420/r_20200420033754031.jpg,지갑,기타 지갑,라임그린,어두운청록
F2020042000000849-1,https://www.lost112.go.kr/lostnfs/images/uploadImg/thumbnail/20200421/20200421091955669.jpg,지갑,여성용 지갑,레드,연한레드
F2020042000001000-1,https://www.lost112.go.kr/lostnfs/images/uploadImg/thumbnail/20200421/r_20200421022526445.jpg,지갑,남성용 지갑,블루바이올렛,남보라
V0001534F04200042-1,https://www.lost112.go.kr/lostnfs/images/uploadImg/thumbnail/20200420/20200420115412763.jpg,기타물품,기타,블랙,검정
V0001534F04200040-1,https://www.lost112.go.kr/lostnfs/images/uploadImg/thumbnail/20200420/20200420115348034.jpg,기타물품,기타,그레이,회
V0001534F04200038-1,https://www.lost112.go.kr/lostnfs/images/uploadImg/thumbnail/20200420/20200420115326931.jpg,기타물품,기타,블루,파랑
V0001534F04200034-1,https://www.lost112.go.kr/lostnfs/images/uploadImg/thumbnail/20200420/20200420115228802.jpg,기타물품,기타,화이트,흰
V0001534F04200034-1,https://www.lost112.go.kr/lostnfs/images/uploadImg/thumbnail/20200420/20200420115228802.jpg,기타물품,기타,화이트,흰
V0001534F04200032-1,https://www.lost112.go.kr/lostnfs/images/uploadImg/thumbnail/20200420/20200420115155516.jpg,기타물품,기타,블랙,검정
V0001534F04200030-1,https://www.lost112.go.kr/lostnfs/images/uploadImg/thumbnail/20200420/20200420115127014.jpg,기타물품,기타,로열블루,밝은남
V0001534F04200028-1,https://www.lost112.go.kr/lostnfs/images/uploadImg/thumbnail/20200420/20200420115030850.jpg,기타물품,기타,핑크,연한핑크
V0001534F04200026-1,https://www.lost112.go.kr/lostnfs/images/uploadImg/thumbnail/20200420/20200420114942662.jpg,기타물품,기타,로열블루,밝은남
V0001534F04200022-1,https://www.lost112.go.kr/lostnfs/images/uploadImg/thumbnail/20200420/20200420114827658.jpg,기타물품,기타,블랙,검정
V0001534F04200014-1,https://www.lost112.go.kr/lostnfs/images/uploadImg/thumbnail/20200420/20200420114531514.jpg,기타물품,기타,화이트,흰
V0001534F04200008-1,https://www.lost112.go.kr/lostnfs/images/uploadImg/thumbnail/20200420/20200420114334126.jpg,기타물품,기타,블랙,검정
V0001534F04200008-1,https://www.lost112.go.kr/lostnfs/images/uploadImg/thumbnail/20200420/20200420114334126.jpg,기타물품,기타,블랙,검정
V0001534F04200002-1,https://www.lost112.go.kr/lostnfs/images/uploadImg/thumbnail/20200420/20200420114130396.jpg,지갑,기타 지갑,블랙,검정
F2020042000000918-1,https://www.lost112.go.kr/lostnfs/images/uploadImg/thumbnail/20200420/r_20200420112729055.jpg,휴대폰,LG휴대폰,블루,파랑
V0001888F04200018-1,https://www.lost112.go.kr/lostnfs/images/uploadImg/thumbnail/20200420/20200420112105952.jpg,지갑,여성용 지갑,그레이,회
V0001888F04200016-1,https://www.lost112.go.kr/lostnfs/images/uploadImg/thumbnail/20200420/20200420112021836.jpg,지갑,남성용 지갑,블랙,검정
V0001888F04200014-1,https://www.lost112.go.kr/lostnfs/images/uploadImg/thumbnail/20200420/20200420111851188.jpg,가방,기타가방,그레이,회
V0001888F04200012-1,https://www.lost112.go.kr/lostnfs/images/uploadImg/thumbnail/20200420/20200420111758465.jpg,지갑,여성용 지갑,코럴,산호
V0001888F04200004-1,https://www.lost112.go.kr/lostnfs/images/uploadImg/thumbnail/20200420/20200420110303792.jpg,기타물품,기타,블랙,검정
V0001888F04200002-1,https://www.lost112.go.kr/lostnfs/images/uploadImg/thumbnail/20200420/20200420110114223.jpg,지갑,남성용 지갑,블랙,검정
F2020042000000719-1,https://www.lost112.go.kr/lostnfs/images/uploadImg/thumbnail/20200420/20200420105849581.jpg,휴대폰,삼성휴대폰,핑크,연한핑크
F2020042000000719-2,https://www.lost112.go.kr/lostnfs/images/uploadImg/thumbnail/20200420/20200420105923016.jpg,기타물품,기타,핑크,연한핑크
F2020042000000582-1,https://www.lost112.go.kr/lostnfs/images/uploadImg/thumbnail/20200420/r_20200420013801800.jpg,현금,현금,화이트,흰
F2020042000000540-1,https://www.lost112.go.kr/lostnfs/images/uploadImg/thumbnail/20200420/20200420102600229.jpg,지갑,남성용 지갑,블랙,검정
F2020042000000496-1,https://www.lost112.go.kr/lostnfs/images/uploadImg/thumbnail/20200415/r_20200415025800262.jpg,휴대폰,삼성휴대폰,그레이,회
F2020042000000432-1,https://www.lost112.go.kr/lostnfs/images/uploadImg/thumbnail/20200415/20200415102253366.jpg,쇼핑백,쇼핑백,블루,파랑
F2020042000000603-1,https://www.lost112.go.kr/lostnfs/images/uploadImg/thumbnail/20200415/20200415023106837.jpg,휴대폰,삼성휴대폰,블랙,검정
F2020042000000575-1,https://www.lost112.go.kr/lostnfs/images/uploadImg/thumbnail/20200412/20200412014952063.JPG,지갑,여성용 지갑,그레이,회
F2020042000000386-1,https://www.lost112.go.kr/lostnfs/images/uploadImg/thumbnail/20200411/20200411094048763.JPG,기타물품,기타,블랙,검정
F2020042000000386-1,https://www.lost112.go.kr/lostnfs/images/uploadImg/thumbnail/20200411/20200411094048763.JPG,기타물품,기타,블랙,검정
F2020042000000519-1,https://www.lost112.go.kr/lostnfs/images/uploadImg/thumbnail/20200411/r_20200411094622162.jpg,지갑,여성용 지갑,블랙,검정
F2020042000000382-1,https://www.lost112.go.kr/lostnfs/images/uploadImg/thumbnail/20200411/r_20200411074033712.jpg,쇼핑백,쇼핑백,브라운,갈
