F2020042100002549-1,https://www.lost112.go.kr/lostnfs/images/uploadImg/thumbnail/20200421/20200421073829804.jpg,휴대폰,삼성휴대폰,퓨시아,자홍
F2020042100002190-1,https://www.lost112.go.kr/lostnfs/images/sub/img04_no_img.gif,귀금속,반지,그레이,회
F2020042100002182-1,https://www.lost112.go.kr/lostnfs/images/sub/img04_no_img.gif,유가증권,상품권,화이트,흰
F2020042100002164-1,https://www.lost112.go.kr/lostnfs/images/sub/img04_no_img.gif,귀금속,기타,라이트그레이,옅은회
F2020042100002153-1,https://www.lost112.go.kr/lostnfs/images/uploadImg/thumbnail/20200324/20200324115001918.JPG,전자기기,기타용품,핑크,연한핑크
F2020042100002135-1,https://www.lost112.go.kr/lostnfs/images/uploadImg/thumbnail/20200324/20200324022251287.JPG,전자기기,기타용품,화이트,흰
F2020042100002133-1,https://www.lost112.go.kr/lostnfs/images/uploadImg/thumbnail/20200324/20200324022418451.JPG,전자기기,기타용품,화이트,흰
F2020042100002160-1,https://www.lost112.go.kr/lostnfs/images/sub/img04_no_img.gif,유가증권,상품권,화이트,흰
F2020042100002156-1,https://www.lost112.go.kr/lostnfs/images/sub/img04_no_img.gif,귀금속,반지,그레이,회
F2020042100002134-1,https://www.lost112.go.kr/lostnfs/images/sub/img04_no_img.gif,유가증권,상품권,그레이,회
F2020042100002126-1,https://www.lost112.go.kr/lostnfs/images/sub/img04_no_img.gif,귀금속,귀걸이,오렌지,연한오렌지
F2020042100002106-1,https://www.lost112.go.kr/lostnfs/images/sub/img04_no_img.gif,귀금속,귀걸이,코럴,산호
F2020042100002092-1,https://www.lost112.go.kr/lostnfs/images/sub/img04_no_img.gif,기타물품,기타,엘로우,밝은노랑
F2020042100002080-1,https://www.lost112.go.kr/lostnfs/images/sub/img04_no_img.gif,귀금속,반지,그레이,회
F2020042100001967-1,https://www.lost112.go.kr/lostnfs/images/uploadImg/thumbnail/20200421/20200421051744998.jpg,지갑,여성용 지갑,블랙,검정
F2020042100002066-1,https://www.lost112.go.kr/lostnfs/images/sub/img04_no_img.gif,유가증권,상품권,화이트,흰
F2020042100002034-1,https://www.lost112.go.kr/lostnfs/images/sub/img04_no_img.gif,귀금속,귀걸이,그레이,회
