F2020042100002311-1,https://www.lost112.go.kr/lostnfs/images/uploadImg/thumbnail/20200323/20200323124240337.JPG,지갑,남성용 지갑,그레이,회
F2020042100002225-1,https://www.lost112.go.kr/lostnfs/images/uploadImg/thumbnail/20200323/20200323025830927.JPG,기타물품,기타,블랙,검정
F2020042100002219-1,https://www.lost112.go.kr/lostnfs/images/uploadImg/thumbnail/20200323/20200323031348926.JPG,자동차,자동차열쇠,블랙,검정
F2020042100002217-1,https://www.lost112.go.kr/lostnfs/images/uploadImg/thumbnail/20200323/20200323031528433.JPG,자동차,자동차열쇠,블랙,검정
F2020042100002213-1,https://www.lost112.go.kr/lostnfs/images/uploadImg/thumbnail/20200323/20200323032243095.JPG,귀금속,안경,딥스카이블루,새파란하늘
F2020042100002189-1,https://www.lost112.go.kr/lostnfs/images/uploadImg/thumbnail/20200323/20200323052519128.JPG,전자기기,기타용품,그레이,회
F2020042100002187-1,https://www.lost112.go.kr/lostnfs/images/uploadImg/thumbnail/20200323/20200323032900967.JPG,전자기기,카메라,블랙,검정
F2020042100002185-1,https://www.lost112.go.kr/lostnfs/images/uploadImg/thumbnail/20200323/20200323052235539.JPG,전자기기,기타용품,그레이,회
F2020042100002163-1,https://www.lost112.go.kr/lostnfs/images/uploadImg/thumbnail/20200324/20200324112801628.JPG,전자기기,기타용품,그레이,회
F2020042100002161-1,https://www.lost112.go.kr/lostnfs/images/uploadImg/thumbnail/20200324/20200324113342845.JPG,전자기기,기타용품,블랙,검정
F2020041300002563-1,https://www.lost112.go.kr/lostnfs/images/sub/img04_no_img.gif,지갑,기타 지갑,블랙,검정
F2020041300002475-1,https://www.lost112.go.kr/lostnfs/images/sub/img04_no_img.gif,지갑,기타 지갑,블랙,검정
F2020041300002453-1,https://www.lost112.go.kr/lostnfs/images/sub/img04_no_img.gif,지갑,기타 지갑,블랙,검정
F2020041300002441-1,https://www.lost112.go.kr/lostnfs/images/sub/img04_no_img.gif,지갑,기타 지갑,블랙,검정
F2020040300000925-1,https://www.lost112.go.kr/lostnfs/images/sub/img04_no_img.gif,귀금속,시계,그레이,회
V0003884F03200062-1,https://www.lost112.go.kr/lostnfs/images/uploadImg/thumbnail/20200320/20200320120918195.JPG,귀금속,기타,피치오렌지,오렌지
V0003884F03200050-1,https://www.lost112.go.kr/lostnfs/images/uploadImg/thumbnail/20200320/20200320115155166.JPG,귀금속,목걸이,피치오렌지,오렌지
V0003884F03200048-1,https://www.lost112.go.kr/lostnfs/images/uploadImg/thumbnail/20200320/20200320114734059.JPG,귀금속,목걸이,엘로우,밝은노랑
V0003884F03200046-1,https://www.lost112.go.kr/lostnfs/images/uploadImg/thumbnail/20200320/20200320114429735.JPG,귀금속,목걸이,피치오렌지,오렌지
V0003884F03200040-1,https://www.lost112.go.kr/lostnfs/images/uploadImg/thumbnail/20200320/20200320112419884.JPG,귀금속,귀걸이,엘로우,밝은노랑
V0003884F03200038-1,https://www.lost112.go.kr/lostnfs/images/uploadImg/thumbnail/20200320/20200320111414365.JPG,귀금속,귀걸이,엘로우,밝은노랑
V0003884F03200034-1,https://www.lost112.go.kr/lostnfs/images/uploadImg/thumbnail/20200320/20200320110935741.JPG,귀금속,귀걸이,피치오렌지,오렌지
V0003884F03200026-1,https://www.lost112.go.kr/lostnfs/images/uploadImg/thumbnail/20200320/20200320105556806.JPG,귀금속,반지,피치오렌지,오렌지
V0003884F03200024-1,https://www.lost112.go.kr/lostnfs/images/uploadImg/thumbnail/20200320/20200320105116216.JPG,귀금속,반지,그레이,회
V0003884F03200022-1,https://www.lost112.go.kr/lostnfs/images/uploadImg/thumbnail/20200320/20200320101637349.JPG,귀금속,반지,피치오렌지,오렌지
V0003884F03200020-1,https://www.lost112.go.kr/lostnfs/images/uploadImg/thumbnail/20200320/20200320101211200.JPG,귀금속,반지,피치오렌지,오렌지
V0003884F03200018-1,https://www.lost112.go.kr/lostnfs/images/uploadImg/thumbnail/20200320/20200320100915480.JPG,귀금속,반지,피치오렌지,오렌지
V0003884F03200016-1,https://www.lost112.go.kr/lostnfs/images/uploadImg/thumbnail/20200320/20200320100701747.JPG,귀금속,반지,피치오렌지,오렌지
V0003884F03200012-1,https://www.lost112.go.kr/lostnfs/images/uploadImg/thumbnail/20200320/20200320100201429.JPG,귀금속,반지,피치오렌지,오렌지
V0003884F03200010-1,https://www.lost112.go.kr/lostnfs/images/uploadImg/thumbnail/20200320/20200320095903938.JPG,귀금속,반지,피치오렌지,오렌지
V0003884F03200002-1,https://www.lost112.go.kr/lostnfs/images/uploadImg/thumbnail/20200320/20200320093743856.JPG,귀금속,시계,그레이,회
V0003884F03190072-1,https://www.lost112.go.kr/lostnfs/images/uploadImg/thumbnail/20200319/20200319034040208.JPG,귀금속,시계,그레이,회
V0003884F03190070-1,https://www.lost112.go.kr/lostnfs/images/uploadImg/thumbnail/20200319/20200319033712479.JPG,귀금속,시계,오렌지,연한오렌지
V0003884F03190068-1,https://www.lost112.go.kr/lostnfs/images/uploadImg/thumbnail/20200319/20200319033411634.JPG,귀금속,시계,그레이,회
V0003884F03190044-1,https://www.lost112.go.kr/lostnfs/images/uploadImg/thumbnail/20200319/20200319024251543.JPG,귀금속,시계,블랙,검정
F2020031700000341-1,https://www.lost112.go.kr/lostnfs/images/uploadImg/thumbnail/20200401/r_20200401112338561.jpg,유가증권,상품권,화이트,흰
F2020022800000303-1,https://www.lost112.go.kr/lostnfs/images/uploadImg/thumbnail/20200228/r_20200228100506582.jpg,전자기기,기타용품,블랙,검정
F2020022800000287-1,https://www.lost112.go.kr/lostnfs/images/uploadImg/thumbnail/20200228/r_20200228101406629.jpg,귀금속,시계,피치오렌지,오렌지
F2020022800000285-1,https://www.lost112.go.kr/lostnfs/images/uploadImg/thumbnail/20200228/r_20200228101452742.jpg,귀금속,시계,피치오렌지,오렌지
F2020022800000279-1,https://www.lost112.go.kr/lostnfs/images/uploadImg/thumbnail/20200228/r_20200228101641855.jpg,귀금속,시계,블랙,검정
F2020022800000269-1,https://www.lost112.go.kr/lostnfs/images/uploadImg/thumbnail/20200228/r_20200228101912391.jpg,귀금속,시계,엘로우,밝은노랑
F2020012400001457-1,https://www.lost112.go.kr/lostnfs/images/sub/img04_no_img.gif,귀금속,시계,그레이,회
F2020012200000647-1,https://www.lost112.go.kr/lostnfs/images/sub/img04_no_img.gif,귀금속,귀걸이,엘로우,노랑
F2020012200000279-1,https://www.lost112.go.kr/lostnfs/images/sub/img04_no_img.gif,귀금속,기타,엘로우,노랑
F2020010800002307-1,https://www.lost112.go.kr/lostnfs/images/uploadImg/thumbnail/20200109/20200109111039007.jpg,휴대폰,아이폰,피치오렌지,오렌지
F2020010300001620-1,https://www.lost112.go.kr/lostnfs/images/uploadImg/thumbnail/20200103/r_20200103025710841.jpg,지갑,기타 지갑,블랙,검정
F2020010300001580-1,https://www.lost112.go.kr/lostnfs/images/uploadImg/thumbnail/20200103/r_20200103024707621.jpg,자동차,자동차열쇠,블랙,검정
F2020010300001494-1,https://www.lost112.go.kr/lostnfs/images/sub/img04_no_img.gif,귀금속,반지,화이트,흰
F2020010200002922-1,https://www.lost112.go.kr/lostnfs/images/uploadImg/thumbnail/20200102/r_20200102053311853.jpg,전자기기,카메라,블랙,검정
F2019120200002028-1,https://www.lost112.go.kr/lostnfs/images/uploadImg/thumbnail/20191202/r_20191202031803564.jpg,컴퓨터,기타,그레이,회
F2019120200002018-1,https://www.lost112.go.kr/lostnfs/images/uploadImg/thumbnail/20191202/r_20191202031946680.jpg,컴퓨터,기타,화이트,흰
F2019112800001105-1,https://www.lost112.go.kr/lostnfs/images/uploadImg/thumbnail/20191128/20191128111534989.jpg,기타물품,기타,화이트,흰
F2019112100001438-1,https://www.lost112.go.kr/lostnfs/images/uploadImg/thumbnail/20191121/r_20191121032520207.jpg,산업용품,기타물품,그레이,회
F2019112100001434-1,https://www.lost112.go.kr/lostnfs/images/uploadImg/thumbnail/20191121/r_20191121032534086.jpg,산업용품,기타물품,그레이,회
F2019112100001428-1,https://www.lost112.go.kr/lostnfs/images/uploadImg/thumbnail/20191121/r_20191121032631336.jpg,산업용품,기타물품,다크핑크,진분홍
F2019112100001288-1,https://www.lost112.go.kr/lostnfs/images/uploadImg/thumbnail/20191121/r_20191121032421554.jpg,전자기기,카메라,그레이,회
F2019112100001230-1,https://www.lost112.go.kr/lostnfs/images/uploadImg/thumbnail/20191121/r_20191121032319536.jpg,산업용품,기타물품,그레이,회
F2019112100001224-1,https://www.lost112.go.kr/lostnfs/images/uploadImg/thumbnail/20191121/r_20191121032405684.jpg,기타물품,기타,그레이,회
F2019112100001220-1,https://www.lost112.go.kr/lostnfs/images/uploadImg/thumbnail/20191121/r_20191121032350234.jpg,산업용품,기타물품,그레이,회
F2019112100001212-1,https://www.lost112.go.kr/lostnfs/images/uploadImg/thumbnail/20191121/r_20191121032438349.jpg,산업용품,기타물품,그레이,회
F2019111900002010-1,https://www.lost112.go.kr/lostnfs/images/uploadImg/thumbnail/20191119/r_20191119043836447.jpg,산업용품,기타물품,그레이,회
