F2020042100002283-1,https://www.lost112.go.kr/lostnfs/images/uploadImg/thumbnail/20200323/20200323051316793.JPG,귀금속,시계,그레이,회
F2020042100002231-1,https://www.lost112.go.kr/lostnfs/images/uploadImg/thumbnail/20200323/20200323021133254.JPG,기타물품,기타,네온그린,형광초록
F2020042100002165-1,https://www.lost112.go.kr/lostnfs/images/uploadImg/thumbnail/20200324/20200324112322942.JPG,전자기기,기타용품,그레이,회
F2020042100002159-1,https://www.lost112.go.kr/lostnfs/images/uploadImg/thumbnail/20200324/20200324113621979.JPG,전자기기,기타용품,블랙,검정
F2020042100002157-1,https://www.lost112.go.kr/lostnfs/images/uploadImg/thumbnail/20200324/20200324114030776.JPG,전자기기,기타용품,블랙,검정
F2020042100002155-1,https://www.lost112.go.kr/lostnfs/images/uploadImg/thumbnail/20200324/20200324114554260.JPG,전자기기,기타용품,코발트,짙은청록
F2020042100002151-1,https://www.lost112.go.kr/lostnfs/images/uploadImg/thumbnail/20200324/20200324115743027.JPG,전자기기,기타용품,블랙,검정
F2020042100002147-1,https://www.lost112.go.kr/lostnfs/images/uploadImg/thumbnail/20200324/20200324121654912.JPG,전자기기,기타용품,화이트,흰
F2020042100002145-1,https://www.lost112.go.kr/lostnfs/images/uploadImg/thumbnail/20200324/20200324122129952.JPG,전자기기,기타용품,화이트,흰
F2020042100002143-1,https://www.lost112.go.kr/lostnfs/images/uploadImg/thumbnail/20200324/20200324122431815.JPG,전자기기,기타용품,화이트,흰
F2020042100002141-1,https://www.lost112.go.kr/lostnfs/images/uploadImg/thumbnail/20200324/20200324021304094.JPG,전자기기,기타용품,화이트,흰
F2020042100002131-1,https://www.lost112.go.kr/lostnfs/images/uploadImg/thumbnail/20200324/20200324121920105.JPG,전자기기,기타용품,화이트,흰
F2020042000002333-1,https://www.lost112.go.kr/lostnfs/images/uploadImg/thumbnail/20200420/r_20200420054803799.jpg,의류,신발,화이트,흰
F2020042000002327-1,https://www.lost112.go.kr/lostnfs/images/sub/img04_no_img.gif,귀금속,선글라스,블랙,검정
F2020041400002296-1,https://www.lost112.go.kr/lostnfs/images/uploadImg/thumbnail/20200414/r_20200414053349661.jpg,지갑,남성용 지갑,블랙,검정
F2020040600001476-1,https://www.lost112.go.kr/lostnfs/images/sub/img04_no_img.gif,기타물품,기타,화이트,흰
F2020040600001458-1,https://www.lost112.go.kr/lostnfs/images/sub/img04_no_img.gif,기타물품,기타,라이트그레이,옅은회
F2020040600001221-1,https://www.lost112.go.kr/lostnfs/images/sub/img04_no_img.gif,기타물품,기타,화이트,흰
F2020033100002697-1,https://www.lost112.go.kr/lostnfs/images/uploadImg/thumbnail/20200324/20200324084436337.JPG,휴대폰,삼성휴대폰,그레이,회
F2020033000000911-1,https://www.lost112.go.kr/lostnfs/images/uploadImg/thumbnail/20200330/r_20200330015416069.jpg,기타물품,기타,코럴,산호
F2020032800000624-1,https://www.lost112.go.kr/lostnfs/images/uploadImg/thumbnail/20200328/20200328024203001.JPG,휴대폰,아이폰,코럴,산호
V0001896F03270030-1,https://www.lost112.go.kr/lostnfs/images/uploadImg/thumbnail/20200327/20200327045858464.jpg,의류,여성의류,화이트,흰
V0001896F03270020-1,https://www.lost112.go.kr/lostnfs/images/uploadImg/thumbnail/20200327/20200327044024206.jpg,기타물품,기타,핑크,연한핑크
V0001896F03270018-1,https://www.lost112.go.kr/lostnfs/images/uploadImg/thumbnail/20200327/20200327043745814.jpg,기타물품,기타,코발트,짙은청록
V0001896F03270016-1,https://www.lost112.go.kr/lostnfs/images/uploadImg/thumbnail/20200327/20200327043416975.jpg,자동차,자동차열쇠,퓨시아,자홍
V0001896F03270014-1,https://www.lost112.go.kr/lostnfs/images/uploadImg/thumbnail/20200327/20200327043151237.jpg,전자기기,기타용품,블랙,검정
V0001896F03270012-1,https://www.lost112.go.kr/lostnfs/images/uploadImg/thumbnail/20200327/20200327042615968.jpg,전자기기,기타용품,핑크,연한핑크
V0001896F03270010-1,https://www.lost112.go.kr/lostnfs/images/uploadImg/thumbnail/20200327/20200327042208443.jpg,의류,신발,블랙,검정
V0001896F03270008-1,https://www.lost112.go.kr/lostnfs/images/uploadImg/thumbnail/20200327/20200327041717323.jpg,의류,모자,엘로우,밝은노랑
F2020032500002528-1,https://www.lost112.go.kr/lostnfs/images/uploadImg/thumbnail/20200407/r_20200407103101769.jpg,지갑,여성용 지갑,핑크,연한핑크
V0003884F03200056-1,https://www.lost112.go.kr/lostnfs/images/uploadImg/thumbnail/20200320/20200320120202340.JPG,귀금속,기타,그레이,회
V0003884F03200044-1,https://www.lost112.go.kr/lostnfs/images/uploadImg/thumbnail/20200320/20200320113108044.JPG,귀금속,귀걸이,그레이,회
V0003884F03200042-1,https://www.lost112.go.kr/lostnfs/images/uploadImg/thumbnail/20200320/20200320112617748.JPG,귀금속,귀걸이,그레이,회
V0003884F03200036-1,https://www.lost112.go.kr/lostnfs/images/uploadImg/thumbnail/20200320/20200320111212463.JPG,귀금속,귀걸이,그레이,회
V0003884F03200030-1,https://www.lost112.go.kr/lostnfs/images/uploadImg/thumbnail/20200320/20200320110444358.JPG,귀금속,반지,코럴,산호
V0003884F03200014-1,https://www.lost112.go.kr/lostnfs/images/uploadImg/thumbnail/20200320/20200320100437276.JPG,귀금속,반지,피치오렌지,오렌지
V0003884F03200008-1,https://www.lost112.go.kr/lostnfs/images/uploadImg/thumbnail/20200320/20200320095154568.JPG,귀금속,시계,코럴,산호
V0003884F03200006-1,https://www.lost112.go.kr/lostnfs/images/uploadImg/thumbnail/20200320/20200320094948946.JPG,귀금속,시계,피치오렌지,오렌지
V0003884F03190052-1,https://www.lost112.go.kr/lostnfs/images/uploadImg/thumbnail/20200319/20200319025731562.JPG,귀금속,시계,브라운,갈
V0003884F03190046-1,https://www.lost112.go.kr/lostnfs/images/uploadImg/thumbnail/20200319/20200319024525762.JPG,귀금속,시계,블랙,검정
F2020031800001710-1,https://www.lost112.go.kr/lostnfs/images/sub/img04_no_img.gif,기타물품,기타,블랙,검정
F2020031800001210-1,https://www.lost112.go.kr/lostnfs/images/uploadImg/thumbnail/20200319/r_20200319033858953.jpg,가방,여성용가방,알리자린,홍
F2020031500000596-1,https://www.lost112.go.kr/lostnfs/images/uploadImg/thumbnail/20200316/r_20200316045156954.jpg,휴대폰,아이폰,핑크,연한핑크
F2020031200001899-1,https://www.lost112.go.kr/lostnfs/images/sub/img04_no_img.gif,지갑,기타 지갑,블랙,검정
F2020031200001897-1,https://www.lost112.go.kr/lostnfs/images/sub/img04_no_img.gif,지갑,기타 지갑,레드,연한레드
F2020031200001889-1,https://www.lost112.go.kr/lostnfs/images/uploadImg/thumbnail/20200312/r_20200312075055898.jpg,지갑,기타 지갑,블랙,검정
F2020031200001881-1,https://www.lost112.go.kr/lostnfs/images/uploadImg/thumbnail/20200312/r_20200312072443124.jpg,지갑,남성용 지갑,블랙,검정
F2020031200001873-1,https://www.lost112.go.kr/lostnfs/images/uploadImg/thumbnail/20200312/r_20200312075112632.jpg,지갑,기타 지갑,블랙,검정
F2020031200001869-1,https://www.lost112.go.kr/lostnfs/images/uploadImg/thumbnail/20200312/r_20200312075130233.jpg,지갑,기타 지갑,핑크,연한핑크
F2020031200001857-1,https://www.lost112.go.kr/lostnfs/images/uploadImg/thumbnail/20200312/r_20200312075146866.jpg,지갑,기타 지갑,블랙,검정
F2020031200001851-1,https://www.lost112.go.kr/lostnfs/images/uploadImg/thumbnail/20200312/r_20200312075203804.jpg,지갑,기타 지갑,블랙,검정
F2020031200001847-1,https://www.lost112.go.kr/lostnfs/images/uploadImg/thumbnail/20200312/r_20200312075219340.jpg,지갑,기타 지갑,다크레드,진빨강
F2020031200001797-1,https://www.lost112.go.kr/lostnfs/images/uploadImg/thumbnail/20200312/r_20200312075253649.jpg,지갑,기타 지갑,블랙,검정
F2020031200001795-1,https://www.lost112.go.kr/lostnfs/images/uploadImg/thumbnail/20200312/r_20200312075309140.jpg,지갑,남성용 지갑,라임그린,어두운청록
F2020031200001791-1,https://www.lost112.go.kr/lostnfs/images/uploadImg/thumbnail/20200312/r_20200312075323025.jpg,지갑,남성용 지갑,브라운,갈
F2020031200001538-1,https://www.lost112.go.kr/lostnfs/images/sub/img04_no_img.gif,지갑,기타 지갑,블랙,검정
F2020031200001468-1,https://www.lost112.go.kr/lostnfs/images/sub/img04_no_img.gif,지갑,기타 지갑,블랙,검정
F2020031200001450-1,https://www.lost112.go.kr/lostnfs/images/sub/img04_no_img.gif,지갑,기타 지갑,브라운,갈
F2020031200001434-1,https://www.lost112.go.kr/lostnfs/images/sub/img04_no_img.gif,지갑,남성용 지갑,블랙,검정
F2020031200001332-1,https://www.lost112.go.kr/lostnfs/images/sub/img04_no_img.gif,지갑,기타 지갑,블랙,검정
F2020031200001304-1,https://www.lost112.go.kr/lostnfs/images/sub/img04_no_img.gif,지갑,남성용 지갑,블랙,검정
F2020031200001300-1,https://www.lost112.go.kr/lostnfs/images/sub/img04_no_img.gif,지갑,기타 지갑,블랙,검정
F2020031200001298-1,https://www.lost112.go.kr/lostnfs/images/uploadImg/thumbnail/20200312/r_20200312062954831.jpg,지갑,기타 지갑,다크레드,진빨강
F2020031200001278-1,https://www.lost112.go.kr/lostnfs/images/sub/img04_no_img.gif,지갑,기타 지갑,블랙,검정
F2020031200001264-1,https://www.lost112.go.kr/lostnfs/images/uploadImg/thumbnail/20200312/r_20200312062920219.jpg,지갑,남성용 지갑,블루바이올렛,남보라
F2020031200001234-1,https://www.lost112.go.kr/lostnfs/images/uploadImg/thumbnail/20200313/r_20200313082008950.jpg,지갑,남성용 지갑,브라운,갈
F2020031200000331-1,https://www.lost112.go.kr/lostnfs/images/sub/img04_no_img.gif,지갑,남성용 지갑,피치오렌지,오렌지
F2020031200000327-1,https://www.lost112.go.kr/lostnfs/images/uploadImg/thumbnail/20200312/r_20200312084841354.jpg,지갑,남성용 지갑,브라운,갈
F2020031200000317-1,https://www.lost112.go.kr/lostnfs/images/uploadImg/thumbnail/20200312/r_20200312084658252.jpg,지갑,기타 지갑,블랙,검정
F2020031200000315-1,https://www.lost112.go.kr/lostnfs/images/sub/img04_no_img.gif,지갑,남성용 지갑,브라운,갈
F2020031200000313-1,https://www.lost112.go.kr/lostnfs/images/sub/img04_no_img.gif,지갑,기타 지갑,블랙,검정
F2020031200000311-1,https://www.lost112.go.kr/lostnfs/images/uploadImg/thumbnail/20200312/r_20200312085100348.jpg,지갑,기타 지갑,올리브,녹갈
F2020031200000305-1,https://www.lost112.go.kr/lostnfs/images/uploadImg/thumbnail/20200312/r_20200312084758343.jpg,지갑,남성용 지갑,블랙,검정
F2020031200000303-1,https://www.lost112.go.kr/lostnfs/images/uploadImg/thumbnail/20200312/r_20200312084637084.jpg,지갑,남성용 지갑,블랙,검정
F2020031200000297-1,https://www.lost112.go.kr/lostnfs/images/sub/img04_no_img.gif,지갑,기타 지갑,다크레드,진빨강
F2020031200000295-1,https://www.lost112.go.kr/lostnfs/images/uploadImg/thumbnail/20200312/r_20200312084820054.jpg,지갑,기타 지갑,레드,연한레드
F2020031200000289-1,https://www.lost112.go.kr/lostnfs/images/sub/img04_no_img.gif,지갑,기타 지갑,브라운,갈
F2020022800000351-1,https://www.lost112.go.kr/lostnfs/images/uploadImg/thumbnail/20200228/r_20200228102229373.jpg,귀금속,시계,화이트,흰
F2020022800000307-1,https://www.lost112.go.kr/lostnfs/images/uploadImg/thumbnail/20200228/r_20200228100346069.jpg,전자기기,기타용품,블랙,검정
F2020022800000295-1,https://www.lost112.go.kr/lostnfs/images/uploadImg/thumbnail/20200228/r_20200228101209118.jpg,귀금속,시계,레드,연한레드
F2020022800000293-1,https://www.lost112.go.kr/lostnfs/images/uploadImg/thumbnail/20200228/r_20200228101321969.jpg,귀금속,시계,그레이,회
F2020022800000275-1,https://www.lost112.go.kr/lostnfs/images/uploadImg/thumbnail/20200228/r_20200228101800051.jpg,귀금속,시계,그레이,회
F2020022600001404-1,https://www.lost112.go.kr/lostnfs/images/uploadImg/thumbnail/20200227/r_20200227033714191.jpg,귀금속,시계,다크오렌지,어두운오렌지
F2020022600001380-1,https://www.lost112.go.kr/lostnfs/images/uploadImg/thumbnail/20200227/r_20200227033605347.jpg,귀금속,시계,라이트그레이,옅은회
F2020022500001384-1,https://www.lost112.go.kr/lostnfs/images/sub/img04_no_img.gif,귀금속,기타,블랙,검정
F2020022500001196-1,https://www.lost112.go.kr/lostnfs/images/sub/img04_no_img.gif,귀금속,시계,오렌지,연한오렌지
F2020022400002028-1,https://www.lost112.go.kr/lostnfs/images/sub/img04_no_img.gif,기타물품,기타,화이트,흰
F2020022100002238-1,https://www.lost112.go.kr/lostnfs/images/uploadImg/thumbnail/20200224/20200224040814979.jpg,지갑,기타 지갑,그레이,회
F2020022000000238-1,https://www.lost112.go.kr/lostnfs/images/sub/img04_no_img.gif,귀금속,반지,그레이,회
F2020022000000043-1,https://www.lost112.go.kr/lostnfs/images/uploadImg/thumbnail/20200220/20200220031221041.jpg,휴대폰,기타통신기기,화이트,흰
F2020022000000054-1,https://www.lost112.go.kr/lostnfs/images/uploadImg/thumbnail/20200220/20200220031323249.jpg,지갑,기타 지갑,블랙,검정
F2020021800000979-1,https://www.lost112.go.kr/lostnfs/images/uploadImg/thumbnail/20200221/20200221013917645.jpg,휴대폰,삼성휴대폰,화이트,흰
F2020021700001486-1,https://www.lost112.go.kr/lostnfs/images/uploadImg/thumbnail/20200219/20200219095257984.jpg,가방,여성용가방,브라운,갈
F2020021500001409-1,https://www.lost112.go.kr/lostnfs/images/uploadImg/thumbnail/20200215/r_20200215075108419.jpg,지갑,남성용 지갑,코발트,짙은청록
F2020021400004385-1,https://www.lost112.go.kr/lostnfs/images/uploadImg/thumbnail/20200214/20200214054200398.jpg,전자기기,기타용품,블랙,검정
F2020021400004375-1,https://www.lost112.go.kr/lostnfs/images/uploadImg/thumbnail/20200214/20200214053850629.jpg,자동차,자동차열쇠,블랙,검정
F2020021400004371-1,https://www.lost112.go.kr/lostnfs/images/uploadImg/thumbnail/20200214/20200214053736013.jpg,기타물품,기타,엘로우,밝은노랑
F2020021400001071-1,https://www.lost112.go.kr/lostnfs/images/sub/img04_no_img.gif,전자기기,기타용품,딥스카이블루,새파란하늘
F2020021300000600-1,https://www.lost112.go.kr/lostnfs/images/uploadImg/thumbnail/20200213/r_20200213052737075.jpg,지갑,남성용 지갑,블랙,검정
F2020021000000330-1,https://www.lost112.go.kr/lostnfs/images/sub/img04_no_img.gif,지갑,기타 지갑,그레이,회
F2020021000000328-1,https://www.lost112.go.kr/lostnfs/images/sub/img04_no_img.gif,귀금속,시계,블랙,검정
F2020020900001706-1,https://www.lost112.go.kr/lostnfs/images/uploadImg/thumbnail/20200211/r_20200211011025572.jpg,컴퓨터,기타,그레이,회
F2020020700002377-1,https://www.lost112.go.kr/lostnfs/images/uploadImg/thumbnail/20200207/r_20200207052852789.jpg,지갑,남성용 지갑,브라운,갈
F2020020700002371-1,https://www.lost112.go.kr/lostnfs/images/uploadImg/thumbnail/20200207/r_20200207052903385.jpg,지갑,남성용 지갑,블루바이올렛,남보라
F2020020700002351-1,https://www.lost112.go.kr/lostnfs/images/uploadImg/thumbnail/20200207/r_20200207053102644.jpg,지갑,남성용 지갑,화이트,흰
F2020020700002351-4,https://www.lost112.go.kr/lostnfs/images/uploadImg/thumbnail/20200207/r_20200207053102644.jpg,지갑,남성용 지갑,다크블루,어두운파랑
F2020020700002351-3,https://www.lost112.go.kr/lostnfs/images/uploadImg/thumbnail/20200207/r_20200207053102644.jpg,지갑,남성용 지갑,브라운,갈
F2020020700002351-7,https://www.lost112.go.kr/lostnfs/images/uploadImg/thumbnail/20200207/r_20200207053102644.jpg,지갑,남성용 지갑,브라운,갈
F2020020700002351-2,https://www.lost112.go.kr/lostnfs/images/uploadImg/thumbnail/20200207/r_20200207053102644.jpg,지갑,여성용 지갑,블랙,검정
F2020020700002351-5,https://www.lost112.go.kr/lostnfs/images/uploadImg/thumbnail/20200207/r_20200207053102644.jpg,지갑,남성용 지갑,블랙,검정
F2020020700002351-6,https://www.lost112.go.kr/lostnfs/images/uploadImg/thumbnail/20200207/r_20200207053102644.jpg,지갑,남성용 지갑,블랙,검정
F2020020500002319-1,https://www.lost112.go.kr/lostnfs/images/sub/img04_no_img.gif,귀금속,목걸이,실버,은
F2020020500002295-1,https://www.lost112.go.kr/lostnfs/images/sub/img04_no_img.gif,귀금속,목걸이,라이트그레이,옅은회
F2020020500002247-1,https://www.lost112.go.kr/lostnfs/images/sub/img04_no_img.gif,귀금속,기타,라이트그레이,옅은회
F2020020500002215-1,https://www.lost112.go.kr/lostnfs/images/sub/img04_no_img.gif,귀금속,기타,그레이,회
F2020020500002211-1,https://www.lost112.go.kr/lostnfs/images/sub/img04_no_img.gif,귀금속,반지,코럴,산호
F2020020500002193-1,https://www.lost112.go.kr/lostnfs/images/sub/img04_no_img.gif,귀금속,기타,블랙,검정
F2020020500002187-1,https://www.lost112.go.kr/lostnfs/images/sub/img04_no_img.gif,귀금속,반지,라이트그레이,옅은회
F2020020500002167-1,https://www.lost112.go.kr/lostnfs/images/sub/img04_no_img.gif,휴대폰,아이폰,피치오렌지,오렌지
F2020020500002115-1,https://www.lost112.go.kr/lostnfs/images/sub/img04_no_img.gif,유가증권,상품권,화이트,흰
F2020020500001973-1,https://www.lost112.go.kr/lostnfs/images/sub/img04_no_img.gif,귀금속,귀걸이,코발트,짙은청록
F2020020500001961-1,https://www.lost112.go.kr/lostnfs/images/sub/img04_no_img.gif,유가증권,상품권,화이트,흰
F2020020500001959-1,https://www.lost112.go.kr/lostnfs/images/sub/img04_no_img.gif,귀금속,기타,그레이,회
F2020020500001947-1,https://www.lost112.go.kr/lostnfs/images/sub/img04_no_img.gif,귀금속,반지,그레이,회
F2020020500001929-1,https://www.lost112.go.kr/lostnfs/images/sub/img04_no_img.gif,귀금속,기타,그레이,회
F2020020500001927-1,https://www.lost112.go.kr/lostnfs/images/sub/img04_no_img.gif,귀금속,기타,피치오렌지,오렌지
F2020020500001915-1,https://www.lost112.go.kr/lostnfs/images/sub/img04_no_img.gif,귀금속,시계,화이트,흰
F2020020500001897-1,https://www.lost112.go.kr/lostnfs/images/sub/img04_no_img.gif,귀금속,기타,그레이,회
F2020020500001749-1,https://www.lost112.go.kr/lostnfs/images/sub/img04_no_img.gif,유가증권,상품권,화이트,흰
F2020020500001719-1,https://www.lost112.go.kr/lostnfs/images/sub/img04_no_img.gif,귀금속,목걸이,오렌지,연한오렌지
F2020020500001677-1,https://www.lost112.go.kr/lostnfs/images/sub/img04_no_img.gif,귀금속,목걸이,그레이,회
F2020020500001595-1,https://www.lost112.go.kr/lostnfs/images/sub/img04_no_img.gif,귀금속,반지,피치오렌지,오렌지
F2020020500001557-1,https://www.lost112.go.kr/lostnfs/images/sub/img04_no_img.gif,귀금속,시계,화이트,흰
F2020020500001055-1,https://www.lost112.go.kr/lostnfs/images/sub/img04_no_img.gif,귀금속,기타,피치오렌지,오렌지
F2020020500000973-1,https://www.lost112.go.kr/lostnfs/images/sub/img04_no_img.gif,귀금속,기타,그레이,암회
F2020020400002674-1,https://www.lost112.go.kr/lostnfs/images/sub/img04_no_img.gif,귀금속,기타,코럴,산호
F2020020400002654-1,https://www.lost112.go.kr/lostnfs/images/sub/img04_no_img.gif,귀금속,기타,피치오렌지,오렌지
F2020020400002546-1,https://www.lost112.go.kr/lostnfs/images/sub/img04_no_img.gif,귀금속,기타,브라운,갈
F2020020400002528-1,https://www.lost112.go.kr/lostnfs/images/sub/img04_no_img.gif,귀금속,반지,라이트그레이,옅은회
F2020020400002518-1,https://www.lost112.go.kr/lostnfs/images/sub/img04_no_img.gif,귀금속,반지,코럴,산호
F2020020400002504-1,https://www.lost112.go.kr/lostnfs/images/sub/img04_no_img.gif,귀금속,귀걸이,피치오렌지,오렌지
F2020020400002492-1,https://www.lost112.go.kr/lostnfs/images/sub/img04_no_img.gif,귀금속,기타,라이트그레이,옅은회
F2020020400002472-1,https://www.lost112.go.kr/lostnfs/images/sub/img04_no_img.gif,귀금속,반지,그레이,회
F2020020400002456-1,https://www.lost112.go.kr/lostnfs/images/sub/img04_no_img.gif,귀금속,반지,그레이,회
F2020020400002442-1,https://www.lost112.go.kr/lostnfs/images/sub/img04_no_img.gif,귀금속,기타,그레이,회
F2020020400001548-1,https://www.lost112.go.kr/lostnfs/images/sub/img04_no_img.gif,귀금속,목걸이,코럴,산호
F2020020400001422-1,https://www.lost112.go.kr/lostnfs/images/sub/img04_no_img.gif,귀금속,기타,그레이,회
F2020020400001404-1,https://www.lost112.go.kr/lostnfs/images/sub/img04_no_img.gif,귀금속,반지,그레이,회
F2020020400001396-1,https://www.lost112.go.kr/lostnfs/images/sub/img04_no_img.gif,귀금속,반지,실버,은
F2020020400001380-1,https://www.lost112.go.kr/lostnfs/images/sub/img04_no_img.gif,귀금속,기타,오렌지,연한오렌지
F2020020400001304-1,https://www.lost112.go.kr/lostnfs/images/sub/img04_no_img.gif,귀금속,시계,그레이,회
F2020020400001290-1,https://www.lost112.go.kr/lostnfs/images/sub/img04_no_img.gif,귀금속,기타,그레이,회
F2020020400001184-1,https://www.lost112.go.kr/lostnfs/images/sub/img04_no_img.gif,귀금속,반지,그레이,회
F2020020400000914-1,https://www.lost112.go.kr/lostnfs/images/sub/img04_no_img.gif,귀금속,목걸이,오렌지,연한오렌지
F2020020400000874-1,https://www.lost112.go.kr/lostnfs/images/sub/img04_no_img.gif,귀금속,반지,그레이,암회
F2020020400000866-1,https://www.lost112.go.kr/lostnfs/images/sub/img04_no_img.gif,귀금속,귀걸이,코럴,산호
F2020020400000826-1,https://www.lost112.go.kr/lostnfs/images/sub/img04_no_img.gif,귀금속,반지,코럴,산호
F2020020300002649-1,https://www.lost112.go.kr/lostnfs/images/uploadImg/thumbnail/20200227/r_20200227111926551.jpg,휴대폰,아이폰,그레이,회
F2020020300000864-1,https://www.lost112.go.kr/lostnfs/images/sub/img04_no_img.gif,전자기기,기타용품,그레이,회
F2020013000001793-1,https://www.lost112.go.kr/lostnfs/images/uploadImg/thumbnail/20200207/r_20200207024035200.jpg,기타물품,기타,오렌지,연한오렌지
F2020012900000866-1,https://www.lost112.go.kr/lostnfs/images/uploadImg/thumbnail/20200129/20200129105625270.jpg,지갑,남성용 지갑,블랙,검정
F2020012900000263-1,https://www.lost112.go.kr/lostnfs/images/sub/img04_no_img.gif,귀금속,시계,라이트그레이,옅은회
F2020012600001090-1,https://www.lost112.go.kr/lostnfs/images/uploadImg/thumbnail/20200126/20200126075724897.jpg,귀금속,시계,블랙,검정
F2020012300002080-1,https://www.lost112.go.kr/lostnfs/images/sub/img04_no_img.gif,전자기기,기타용품,블랙,검정
F2020012300002074-1,https://www.lost112.go.kr/lostnfs/images/sub/img04_no_img.gif,전자기기,기타용품,화이트,흰
F2020012200000583-1,https://www.lost112.go.kr/lostnfs/images/sub/img04_no_img.gif,귀금속,귀걸이,그레이,회
F2020012200000547-1,https://www.lost112.go.kr/lostnfs/images/sub/img04_no_img.gif,귀금속,시계,엘로우,노랑
F2020012200000545-1,https://www.lost112.go.kr/lostnfs/images/sub/img04_no_img.gif,귀금속,귀걸이,화이트,흰
F2020012200000535-1,https://www.lost112.go.kr/lostnfs/images/sub/img04_no_img.gif,귀금속,시계,블랙,검정
F2020012200000533-1,https://www.lost112.go.kr/lostnfs/images/sub/img04_no_img.gif,귀금속,시계,블랙,검정
F2020012200000531-1,https://www.lost112.go.kr/lostnfs/images/sub/img04_no_img.gif,자동차,자동차열쇠,블랙,검정
F2020012200000529-1,https://www.lost112.go.kr/lostnfs/images/sub/img04_no_img.gif,귀금속,귀걸이,그레이,회
F2020012200000527-1,https://www.lost112.go.kr/lostnfs/images/sub/img04_no_img.gif,기타물품,기타,블랙,검정
F2020012200000513-1,https://www.lost112.go.kr/lostnfs/images/sub/img04_no_img.gif,귀금속,목걸이,엘로우,노랑
F2020012200000511-1,https://www.lost112.go.kr/lostnfs/images/sub/img04_no_img.gif,귀금속,시계,블랙,검정
F2020012200000509-1,https://www.lost112.go.kr/lostnfs/images/sub/img04_no_img.gif,귀금속,귀걸이,엘로우,노랑
F2020012200000507-1,https://www.lost112.go.kr/lostnfs/images/sub/img04_no_img.gif,귀금속,귀걸이,그레이,회
F2020012200000489-1,https://www.lost112.go.kr/lostnfs/images/sub/img04_no_img.gif,귀금속,귀걸이,엘로우,노랑
F2020012200000487-1,https://www.lost112.go.kr/lostnfs/images/sub/img04_no_img.gif,귀금속,귀걸이,그레이,회
F2020012200000485-1,https://www.lost112.go.kr/lostnfs/images/sub/img04_no_img.gif,현금,현금,화이트,흰
F2020012200000483-1,https://www.lost112.go.kr/lostnfs/images/sub/img04_no_img.gif,귀금속,목걸이,엘로우,노랑
F2020012200000479-1,https://www.lost112.go.kr/lostnfs/images/sub/img04_no_img.gif,귀금속,귀걸이,엘로우,노랑
F2020012200000477-1,https://www.lost112.go.kr/lostnfs/images/sub/img04_no_img.gif,귀금속,귀걸이,엘로우,노랑
F2020012200000475-1,https://www.lost112.go.kr/lostnfs/images/sub/img04_no_img.gif,귀금속,반지,그레이,회
F2020012200000354-1,https://www.lost112.go.kr/lostnfs/images/uploadImg/thumbnail/20200128/20200128030754180.jpg,휴대폰,삼성휴대폰,실버,은
F2020012100000822-1,https://www.lost112.go.kr/lostnfs/images/uploadImg/thumbnail/20200121/r_20200121111440527.jpg,귀금속,시계,엘로우,밝은노랑
F2020012000001955-1,https://www.lost112.go.kr/lostnfs/images/uploadImg/thumbnail/20200121/20200121104111540.jpeg,지갑,남성용 지갑,브라운,갈
F2020012000001937-1,https://www.lost112.go.kr/lostnfs/images/uploadImg/thumbnail/20200121/20200121103921754.jpeg,지갑,남성용 지갑,블랙,검정
F2020012000001289-1,https://www.lost112.go.kr/lostnfs/images/sub/img04_no_img.gif,전자기기,카메라,그레이,회
F2020011800000521-1,https://www.lost112.go.kr/lostnfs/images/uploadImg/thumbnail/20200120/r_20200120012125830.jpg,지갑,여성용 지갑,코발트,짙은청록
F2020011700001583-1,https://www.lost112.go.kr/lostnfs/images/uploadImg/thumbnail/20200117/20200117041110480.jpg,기타물품,기타,다크오렌지,어두운오렌지
F2020011700001581-1,https://www.lost112.go.kr/lostnfs/images/uploadImg/thumbnail/20200117/20200117041017198.jpg,기타물품,기타,오렌지,연한오렌지
F2020011700001529-1,https://www.lost112.go.kr/lostnfs/images/sub/img04_no_img.gif,귀금속,시계,화이트,흰
F2020011700001525-1,https://www.lost112.go.kr/lostnfs/images/sub/img04_no_img.gif,귀금속,반지,엘로우,밝은노랑
F2020011700001495-1,https://www.lost112.go.kr/lostnfs/images/sub/img04_no_img.gif,귀금속,시계,블랙,검정
F2020011700001457-1,https://www.lost112.go.kr/lostnfs/images/sub/img04_no_img.gif,전자기기,기타용품,블랙,검정
F2020011700000719-1,https://www.lost112.go.kr/lostnfs/images/uploadImg/thumbnail/20200117/20200117112306426.jpg,지갑,여성용 지갑,레드,연한레드
F2020011700000691-1,https://www.lost112.go.kr/lostnfs/images/uploadImg/thumbnail/20200117/20200117111122333.jpg,지갑,여성용 지갑,브라운,갈
F2020011700000637-1,https://www.lost112.go.kr/lostnfs/images/uploadImg/thumbnail/20200117/20200117110605114.jpg,지갑,남성용 지갑,로열블루,밝은남
F2020011600002092-1,https://www.lost112.go.kr/lostnfs/images/sub/img04_no_img.gif,귀금속,기타,화이트,흰
F2020011600002084-1,https://www.lost112.go.kr/lostnfs/images/sub/img04_no_img.gif,귀금속,기타,라이트그레이,옅은회
F2020011600002082-1,https://www.lost112.go.kr/lostnfs/images/sub/img04_no_img.gif,귀금속,귀걸이,엘로우,노랑
F2020011600002010-1,https://www.lost112.go.kr/lostnfs/images/sub/img04_no_img.gif,휴대폰,기타통신기기,블랙,검정
F2020011600001996-1,https://www.lost112.go.kr/lostnfs/images/sub/img04_no_img.gif,귀금속,기타,그레이,회
F2020011600001992-1,https://www.lost112.go.kr/lostnfs/images/sub/img04_no_img.gif,귀금속,목걸이,엘로우,노랑
F2020011600001545-1,https://www.lost112.go.kr/lostnfs/images/sub/img04_no_img.gif,기타물품,기타,블랙,검정
F2020011600001345-1,https://www.lost112.go.kr/lostnfs/images/sub/img04_no_img.gif,휴대폰,삼성휴대폰,오렌지,연한오렌지
F2020011600001259-1,https://www.lost112.go.kr/lostnfs/images/sub/img04_no_img.gif,휴대폰,LG휴대폰,블랙,검정
F2020011600001133-1,https://www.lost112.go.kr/lostnfs/images/sub/img04_no_img.gif,기타물품,기타,화이트,흰
F2020011600000071-1,https://www.lost112.go.kr/lostnfs/images/uploadImg/thumbnail/20200116/20200116015745715.jpg,지갑,남성용 지갑,라임그린,어두운청록
F2020011500002573-1,https://www.lost112.go.kr/lostnfs/images/uploadImg/thumbnail/20200115/20200115042747460.JPG,휴대폰,LG휴대폰,화이트,흰
F2020011500002457-1,https://www.lost112.go.kr/lostnfs/images/sub/img04_no_img.gif,휴대폰,삼성휴대폰,라이트그레이,옅은회
F2020011500002337-1,https://www.lost112.go.kr/lostnfs/images/sub/img04_no_img.gif,휴대폰,LG휴대폰,블랙,검정
F2020011500002299-1,https://www.lost112.go.kr/lostnfs/images/sub/img04_no_img.gif,기타물품,기타,로열블루,밝은남
F2020011400001183-1,https://www.lost112.go.kr/lostnfs/images/sub/img04_no_img.gif,귀금속,귀걸이,엘로우,노랑
F2020011300002716-1,https://www.lost112.go.kr/lostnfs/images/uploadImg/thumbnail/20200114/r_20200114020331907.jpg,컴퓨터,기타,그레이,암회
F2020011100000961-1,https://www.lost112.go.kr/lostnfs/images/sub/img04_no_img.gif,귀금속,반지,엘로우,노랑
F2020011100000059-1,https://www.lost112.go.kr/lostnfs/images/sub/img04_no_img.gif,휴대폰,LG휴대폰,블랙,검정
F2020011100000012-1,https://www.lost112.go.kr/lostnfs/images/sub/img04_no_img.gif,귀금속,귀걸이,엘로우,노랑
F2020011100000010-1,https://www.lost112.go.kr/lostnfs/images/sub/img04_no_img.gif,귀금속,반지,엘로우,노랑
F2020011100000008-1,https://www.lost112.go.kr/lostnfs/images/sub/img04_no_img.gif,귀금속,목걸이,피치오렌지,오렌지
F2020011100000002-1,https://www.lost112.go.kr/lostnfs/images/sub/img04_no_img.gif,귀금속,반지,그레이,회
F2020011000003572-1,https://www.lost112.go.kr/lostnfs/images/sub/img04_no_img.gif,귀금속,목걸이,그레이,회
F2020011000003552-1,https://www.lost112.go.kr/lostnfs/images/sub/img04_no_img.gif,귀금속,반지,엘로우,노랑
F2020011000003544-1,https://www.lost112.go.kr/lostnfs/images/sub/img04_no_img.gif,귀금속,기타,엘로우,노랑
F2020011000003538-1,https://www.lost112.go.kr/lostnfs/images/sub/img04_no_img.gif,귀금속,귀걸이,엘로우,노랑
F2020011000003536-1,https://www.lost112.go.kr/lostnfs/images/sub/img04_no_img.gif,귀금속,귀걸이,엘로우,노랑
F2020011000003530-1,https://www.lost112.go.kr/lostnfs/images/sub/img04_no_img.gif,귀금속,귀걸이,엘로우,노랑
F2020011000003528-1,https://www.lost112.go.kr/lostnfs/images/sub/img04_no_img.gif,귀금속,귀걸이,블랙,검정
F2020011000003520-1,https://www.lost112.go.kr/lostnfs/images/sub/img04_no_img.gif,귀금속,귀걸이,엘로우,노랑
F2020011000003516-1,https://www.lost112.go.kr/lostnfs/images/sub/img04_no_img.gif,귀금속,반지,엘로우,노랑
F2020011000003496-1,https://www.lost112.go.kr/lostnfs/images/sub/img04_no_img.gif,귀금속,시계,그레이,회
F2020011000003488-1,https://www.lost112.go.kr/lostnfs/images/sub/img04_no_img.gif,귀금속,시계,블랙,검정
F2020011000002179-1,https://www.lost112.go.kr/lostnfs/images/sub/img04_no_img.gif,휴대폰,기타통신기기,블랙,검정
F2020010700001799-1,https://www.lost112.go.kr/lostnfs/images/uploadImg/thumbnail/20200107/20200107021837744.jpg,휴대폰,삼성휴대폰,그레이,암회
F2020010700001429-1,https://www.lost112.go.kr/lostnfs/images/sub/img04_no_img.gif,귀금속,기타,엘로우,노랑
F2020010700001119-1,https://www.lost112.go.kr/lostnfs/images/sub/img04_no_img.gif,귀금속,기타,블랙,검정
F2020010700000999-1,https://www.lost112.go.kr/lostnfs/images/sub/img04_no_img.gif,귀금속,귀걸이,엘로우,노랑
F2020010700000929-1,https://www.lost112.go.kr/lostnfs/images/sub/img04_no_img.gif,귀금속,귀걸이,코발트,짙은청록
F2020010700000899-1,https://www.lost112.go.kr/lostnfs/images/sub/img04_no_img.gif,귀금속,귀걸이,화이트,흰
F2020010700000885-1,https://www.lost112.go.kr/lostnfs/images/sub/img04_no_img.gif,기타물품,기타,블랙,검정
F2020010700000871-1,https://www.lost112.go.kr/lostnfs/images/sub/img04_no_img.gif,귀금속,목걸이,화이트,흰
F2020010700000865-1,https://www.lost112.go.kr/lostnfs/images/sub/img04_no_img.gif,귀금속,귀걸이,엘로우,밝은노랑
F2020010700000839-1,https://www.lost112.go.kr/lostnfs/images/sub/img04_no_img.gif,귀금속,귀걸이,다크레드,진빨강
F2020010300001243-1,https://www.lost112.go.kr/lostnfs/images/uploadImg/thumbnail/20200103/r_20200103020041165.jpg,기타물품,기타,그레이,회
F2020010300001235-1,https://www.lost112.go.kr/lostnfs/images/uploadImg/thumbnail/20200103/r_20200103020151201.jpg,기타물품,기타,피치오렌지,오렌지
F2020010300001209-1,https://www.lost112.go.kr/lostnfs/images/uploadImg/thumbnail/20200103/r_20200103015956558.jpg,기타물품,기타,블랙,검정
F2020010200002928-1,https://www.lost112.go.kr/lostnfs/images/uploadImg/thumbnail/20200102/r_20200102053141653.jpg,전자기기,카메라,그레이,회
F2020010200002688-2,https://www.lost112.go.kr/lostnfs/images/sub/img04_no_img.gif,가방,기타가방,씨그린,노르스름한녹
F2020010200002392-1,https://www.lost112.go.kr/lostnfs/images/uploadImg/thumbnail/20200102/r_20200102040514154.jpg,기타물품,기타,블랙,검정
F2020010200002234-1,https://www.lost112.go.kr/lostnfs/images/sub/img04_no_img.gif,귀금속,기타,피치오렌지,오렌지
F2020010200002216-1,https://www.lost112.go.kr/lostnfs/images/sub/img04_no_img.gif,귀금속,반지,피치오렌지,오렌지
F2020010200002038-2,https://www.lost112.go.kr/lostnfs/images/uploadImg/thumbnail/20200102/r_20200102032739585.jpg,가방,기타가방,화이트,흰
F2020010200002012-1,https://www.lost112.go.kr/lostnfs/images/uploadImg/thumbnail/20200102/r_20200102032844629.jpg,휴대폰,삼성휴대폰,피치오렌지,오렌지
F2019123100002516-1,https://www.lost112.go.kr/lostnfs/images/uploadImg/thumbnail/20191231/r_20191231041355100.jpg,지갑,여성용 지갑,레드,연한레드
F2019123100002516-2,https://www.lost112.go.kr/lostnfs/images/uploadImg/thumbnail/20191231/r_20191231041355100.jpg,현금,현금,화이트,흰
F2019123100002516-3,https://www.lost112.go.kr/lostnfs/images/uploadImg/thumbnail/20191231/r_20191231041355100.jpg,현금,외화,화이트,흰
F2019123100002502-1,https://www.lost112.go.kr/lostnfs/images/sub/img04_no_img.gif,현금,현금,화이트,흰
F2019123100001005-1,https://www.lost112.go.kr/lostnfs/images/uploadImg/thumbnail/20191231/r_20191231020353492.jpg,귀금속,귀걸이,화이트,흰
F2019123100000995-1,https://www.lost112.go.kr/lostnfs/images/sub/img04_no_img.gif,귀금속,시계,엘로우,노랑
F2019123000003070-2,https://www.lost112.go.kr/lostnfs/images/uploadImg/thumbnail/20200106/r_20200106030614804.jpg,지갑,기타 지갑,샤르트뢰즈,역녹
F2019123000001810-1,https://www.lost112.go.kr/lostnfs/images/sub/img04_no_img.gif,귀금속,목걸이,엘로우,노랑
F2019122400002734-1,https://www.lost112.go.kr/lostnfs/images/sub/img04_no_img.gif,지갑,기타 지갑,레드,빨강
F2019122400002724-1,https://www.lost112.go.kr/lostnfs/images/sub/img04_no_img.gif,전자기기,기타용품,블랙,검정
F2019122400002714-1,https://www.lost112.go.kr/lostnfs/images/sub/img04_no_img.gif,산업용품,기타물품,핑크,연한핑크
F2019122400002706-1,https://www.lost112.go.kr/lostnfs/images/sub/img04_no_img.gif,가방,여성용가방,블랙,검정
F2019122400002686-1,https://www.lost112.go.kr/lostnfs/images/sub/img04_no_img.gif,귀금속,시계,브라운,갈
F2019122400002682-1,https://www.lost112.go.kr/lostnfs/images/sub/img04_no_img.gif,자동차,자동차열쇠,블랙,검정
F2019122400002676-1,https://www.lost112.go.kr/lostnfs/images/sub/img04_no_img.gif,귀금속,시계,엘로우,노랑
F2019122400002648-1,https://www.lost112.go.kr/lostnfs/images/sub/img04_no_img.gif,귀금속,시계,바이올렛,보라
F2019122400002634-1,https://www.lost112.go.kr/lostnfs/images/uploadImg/thumbnail/20191226/r_20191226120119867.jpg,지갑,기타 지갑,블랙,검정
F2019122400002626-1,https://www.lost112.go.kr/lostnfs/images/sub/img04_no_img.gif,스포츠용품,기타용품,다크핑크,진분홍
F2019122400002624-1,https://www.lost112.go.kr/lostnfs/images/sub/img04_no_img.gif,자동차,자동차열쇠,블랙,검정
F2019122400002608-1,https://www.lost112.go.kr/lostnfs/images/sub/img04_no_img.gif,스포츠용품,기타용품,블랙,검정
F2019122400002572-1,https://www.lost112.go.kr/lostnfs/images/sub/img04_no_img.gif,지갑,남성용 지갑,블랙,검정
F2019122400002570-1,https://www.lost112.go.kr/lostnfs/images/sub/img04_no_img.gif,자동차,자동차열쇠,블랙,검정
F2019122400001980-1,https://www.lost112.go.kr/lostnfs/images/uploadImg/thumbnail/20191226/r_20191226113555659.jpg,기타물품,기타,화이트,흰
F2019122400001397-1,https://www.lost112.go.kr/lostnfs/images/uploadImg/thumbnail/20191226/r_20191226120635822.jpg,기타물품,기타,블랙,검정
F2019122400001389-1,https://www.lost112.go.kr/lostnfs/images/sub/img04_no_img.gif,가방,여성용가방,코럴,산호
F2019122400001385-1,https://www.lost112.go.kr/lostnfs/images/sub/img04_no_img.gif,휴대폰,삼성휴대폰,블랙,검정
F2019122400001377-1,https://www.lost112.go.kr/lostnfs/images/sub/img04_no_img.gif,휴대폰,LG휴대폰,블랙,검정
F2019122400001369-1,https://www.lost112.go.kr/lostnfs/images/sub/img04_no_img.gif,휴대폰,삼성휴대폰,화이트,흰
F2019122400001872-1,https://www.lost112.go.kr/lostnfs/images/uploadImg/thumbnail/20191226/r_20191226031327936.jpg,귀금속,시계,레드,연한레드
F2019122300000687-1,https://www.lost112.go.kr/lostnfs/images/uploadImg/thumbnail/20191106/20191106031507314.jpg,지갑,기타 지갑,블랙,검정
F2019122300000685-1,https://www.lost112.go.kr/lostnfs/images/uploadImg/thumbnail/20191106/20191106031335868.jpg,지갑,기타 지갑,블루,파랑
F2019122000001673-1,https://www.lost112.go.kr/lostnfs/images/uploadImg/thumbnail/20191220/r_20191220035318838.jpg,자동차,자동차열쇠,블랙,검정
F2019122000001667-1,https://www.lost112.go.kr/lostnfs/images/uploadImg/thumbnail/20191220/r_20191220035243869.jpg,지갑,기타 지갑,블랙,검정
F2019121900002550-1,https://www.lost112.go.kr/lostnfs/images/uploadImg/thumbnail/20200111/r_20200111044010080.jpg,휴대폰,삼성휴대폰,블랙,검정
F2019121900002538-1,https://www.lost112.go.kr/lostnfs/images/uploadImg/thumbnail/20200111/r_20200111043942866.jpg,휴대폰,스카이휴대폰,화이트,흰
F2019121900002522-1,https://www.lost112.go.kr/lostnfs/images/uploadImg/thumbnail/20200111/r_20200111043909641.jpg,휴대폰,스카이휴대폰,화이트,흰
F2019121900002486-1,https://www.lost112.go.kr/lostnfs/images/uploadImg/thumbnail/20200111/r_20200111043836526.jpg,휴대폰,삼성휴대폰,화이트,흰
F2019121900002462-1,https://www.lost112.go.kr/lostnfs/images/uploadImg/thumbnail/20200111/r_20200111043810854.jpg,휴대폰,기타통신기기,화이트,흰
F2019121900002420-1,https://www.lost112.go.kr/lostnfs/images/uploadImg/thumbnail/20200111/r_20200111043744485.jpg,휴대폰,LG휴대폰,화이트,흰
F2019121900002322-1,https://www.lost112.go.kr/lostnfs/images/uploadImg/thumbnail/20200111/r_20200111043716392.jpg,휴대폰,삼성휴대폰,블랙,검정
F2019121900002274-1,https://www.lost112.go.kr/lostnfs/images/uploadImg/thumbnail/20200111/r_20200111043652775.jpg,휴대폰,삼성휴대폰,블랙,검정
F2019121900002232-1,https://www.lost112.go.kr/lostnfs/images/uploadImg/thumbnail/20200111/r_20200111043627893.jpg,휴대폰,삼성휴대폰,블랙,검정
F2019121900002176-1,https://www.lost112.go.kr/lostnfs/images/uploadImg/thumbnail/20200111/r_20200111043558544.jpg,휴대폰,삼성휴대폰,화이트,흰
F2019121900002138-1,https://www.lost112.go.kr/lostnfs/images/uploadImg/thumbnail/20200111/r_20200111043531917.jpg,휴대폰,기타통신기기,블랙,검정
F2019121900002074-1,https://www.lost112.go.kr/lostnfs/images/uploadImg/thumbnail/20200111/r_20200111043438050.jpg,휴대폰,스카이휴대폰,레드,빨강
F2019121900002042-1,https://www.lost112.go.kr/lostnfs/images/uploadImg/thumbnail/20200111/r_20200111043357231.jpg,휴대폰,스카이휴대폰,화이트,흰
F2019121900001730-1,https://www.lost112.go.kr/lostnfs/images/uploadImg/thumbnail/20200111/r_20200111043329973.jpg,휴대폰,LG휴대폰,레드,빨강
F2019121900001306-1,https://www.lost112.go.kr/lostnfs/images/uploadImg/thumbnail/20200111/r_20200111043303585.jpg,휴대폰,아이폰,화이트,흰
F2019121900001294-1,https://www.lost112.go.kr/lostnfs/images/uploadImg/thumbnail/20200111/r_20200111043236666.jpg,휴대폰,스카이휴대폰,화이트,흰
F2019121900001280-1,https://www.lost112.go.kr/lostnfs/images/uploadImg/thumbnail/20200111/r_20200111043204031.jpg,휴대폰,LG휴대폰,화이트,흰
F2019121900001112-1,https://www.lost112.go.kr/lostnfs/images/uploadImg/thumbnail/20200111/r_20200111043139450.jpg,휴대폰,삼성휴대폰,화이트,흰
F2019121900001092-1,https://www.lost112.go.kr/lostnfs/images/uploadImg/thumbnail/20200111/r_20200111043112776.jpg,휴대폰,삼성휴대폰,화이트,흰
F2019121900001054-1,https://www.lost112.go.kr/lostnfs/images/uploadImg/thumbnail/20200111/r_20200111043047563.jpg,휴대폰,LG휴대폰,블랙,검정
F2019121900001044-1,https://www.lost112.go.kr/lostnfs/images/uploadImg/thumbnail/20200111/r_20200111043020510.jpg,휴대폰,삼성휴대폰,블랙,검정
F2019121900000790-1,https://www.lost112.go.kr/lostnfs/images/uploadImg/thumbnail/20200111/r_20200111042955646.jpg,휴대폰,LG휴대폰,블랙,검정
F2019121900000734-1,https://www.lost112.go.kr/lostnfs/images/uploadImg/thumbnail/20200111/r_20200111042928637.jpg,휴대폰,삼성휴대폰,블랙,검정
F2019121900000718-1,https://www.lost112.go.kr/lostnfs/images/uploadImg/thumbnail/20200111/r_20200111042826257.jpg,휴대폰,삼성휴대폰,화이트,흰
F2019121900000654-1,https://www.lost112.go.kr/lostnfs/images/uploadImg/thumbnail/20200111/r_20200111042205223.jpg,휴대폰,기타통신기기,화이트,흰
F2019121900000616-1,https://www.lost112.go.kr/lostnfs/images/uploadImg/thumbnail/20200111/r_20200111042139567.jpg,휴대폰,LG휴대폰,코럴,산호
F2019121900000552-1,https://www.lost112.go.kr/lostnfs/images/uploadImg/thumbnail/20200111/r_20200111042114186.jpg,휴대폰,삼성휴대폰,화이트,흰
F2019121900000538-1,https://www.lost112.go.kr/lostnfs/images/uploadImg/thumbnail/20200111/r_20200111041845130.jpg,휴대폰,LG휴대폰,화이트,흰
F2019121900000488-1,https://www.lost112.go.kr/lostnfs/images/uploadImg/thumbnail/20200111/r_20200111041809638.jpg,휴대폰,삼성휴대폰,블랙,검정
F2019121900000482-1,https://www.lost112.go.kr/lostnfs/images/uploadImg/thumbnail/20200111/r_20200111041736448.jpg,휴대폰,스카이휴대폰,화이트,흰
F2019121900000476-1,https://www.lost112.go.kr/lostnfs/images/uploadImg/thumbnail/20200111/r_20200111041512850.jpg,휴대폰,삼성휴대폰,화이트,흰
F2019121900000460-1,https://www.lost112.go.kr/lostnfs/images/uploadImg/thumbnail/20200111/r_20200111041238198.jpg,휴대폰,삼성휴대폰,화이트,흰
F2019121900000440-1,https://www.lost112.go.kr/lostnfs/images/uploadImg/thumbnail/20200111/r_20200111041020597.jpg,휴대폰,삼성휴대폰,화이트,흰
F2019121900000432-1,https://www.lost112.go.kr/lostnfs/images/uploadImg/thumbnail/20200111/r_20200111040804886.jpg,휴대폰,삼성휴대폰,화이트,흰
F2019121900000424-1,https://www.lost112.go.kr/lostnfs/images/uploadImg/thumbnail/20200111/r_20200111040736757.jpg,휴대폰,삼성휴대폰,화이트,흰
F2019121900000382-1,https://www.lost112.go.kr/lostnfs/images/uploadImg/thumbnail/20200111/r_20200111040640103.jpg,휴대폰,기타통신기기,블랙,검정
F2019121900000364-1,https://www.lost112.go.kr/lostnfs/images/uploadImg/thumbnail/20200111/r_20200111040614606.jpg,휴대폰,삼성휴대폰,브라운,갈
F2019121800002460-1,https://www.lost112.go.kr/lostnfs/images/uploadImg/thumbnail/20200111/r_20200111040430314.jpg,휴대폰,스카이휴대폰,블랙,검정
F2019121800002436-1,https://www.lost112.go.kr/lostnfs/images/uploadImg/thumbnail/20200111/r_20200111040403749.jpg,휴대폰,스카이휴대폰,화이트,흰
F2019121800002298-1,https://www.lost112.go.kr/lostnfs/images/uploadImg/thumbnail/20200111/r_20200111040139302.jpg,휴대폰,LG휴대폰,화이트,흰
F2019121800002262-1,https://www.lost112.go.kr/lostnfs/images/uploadImg/thumbnail/20200111/r_20200111040102419.jpg,휴대폰,삼성휴대폰,화이트,흰
F2019121800002250-1,https://www.lost112.go.kr/lostnfs/images/uploadImg/thumbnail/20200111/r_20200111040011373.jpg,휴대폰,삼성휴대폰,블랙,검정
F2019121800002242-1,https://www.lost112.go.kr/lostnfs/images/uploadImg/thumbnail/20200111/r_20200111035940030.jpg,휴대폰,삼성휴대폰,블랙,검정
F2019121800002122-1,https://www.lost112.go.kr/lostnfs/images/uploadImg/thumbnail/20200111/r_20200111035850511.jpg,휴대폰,LG휴대폰,블랙,검정
F2019121800001870-1,https://www.lost112.go.kr/lostnfs/images/uploadImg/thumbnail/20200111/r_20200111035641804.jpg,휴대폰,삼성휴대폰,블랙,검정
F2019121800001296-1,https://www.lost112.go.kr/lostnfs/images/uploadImg/thumbnail/20191218/r_20191218015631921.jpg,귀금속,시계,다크오렌지,어두운오렌지
F2019121700001896-1,https://www.lost112.go.kr/lostnfs/images/uploadImg/thumbnail/20200111/r_20200111033439864.jpg,휴대폰,삼성휴대폰,블랙,검정
F2019121700001868-1,https://www.lost112.go.kr/lostnfs/images/uploadImg/thumbnail/20200111/r_20200111033159632.jpg,휴대폰,스카이휴대폰,블랙,검정
F2019121700001838-1,https://www.lost112.go.kr/lostnfs/images/uploadImg/thumbnail/20200111/r_20200111033127993.jpg,휴대폰,스카이휴대폰,화이트,흰
F2019121700001824-1,https://www.lost112.go.kr/lostnfs/images/uploadImg/thumbnail/20200111/r_20200111033009883.jpg,휴대폰,LG휴대폰,화이트,흰
F2019121700001776-1,https://www.lost112.go.kr/lostnfs/images/uploadImg/thumbnail/20200111/r_20200111054312225.jpg,휴대폰,삼성휴대폰,화이트,흰
F2019121700001768-1,https://www.lost112.go.kr/lostnfs/images/uploadImg/thumbnail/20200111/r_20200111032248670.jpg,휴대폰,삼성휴대폰,화이트,흰
F2019121700001748-1,https://www.lost112.go.kr/lostnfs/images/uploadImg/thumbnail/20200111/r_20200111031832749.jpg,휴대폰,삼성휴대폰,블랙,검정
F2019121700001167-1,https://www.lost112.go.kr/lostnfs/images/uploadImg/thumbnail/20191217/20191217025311069.jpg,휴대폰,삼성휴대폰,화이트,흰
F2019121700001157-1,https://www.lost112.go.kr/lostnfs/images/uploadImg/thumbnail/20191217/20191217024935889.jpg,유가증권,상품권,화이트,흰
F2019121600002887-1,https://www.lost112.go.kr/lostnfs/images/sub/img04_no_img.gif,기타물품,기타,화이트,흰
F2019121600002023-1,https://www.lost112.go.kr/lostnfs/images/uploadImg/thumbnail/20191216/r_20191216023149087.jpg,의류,기타의류,그레이,회
F2019121600001957-1,https://www.lost112.go.kr/lostnfs/images/uploadImg/thumbnail/20191216/r_20191216022659222.jpg,의류,기타의류,블루바이올렛,남보라
F2019121600001933-1,https://www.lost112.go.kr/lostnfs/images/uploadImg/thumbnail/20191216/r_20191216022157768.jpg,의류,기타의류,화이트,흰
F2019121600001897-1,https://www.lost112.go.kr/lostnfs/images/uploadImg/thumbnail/20191216/r_20191216021414208.jpg,전자기기,기타용품,블랙,검정
F2019121600001875-1,https://www.lost112.go.kr/lostnfs/images/uploadImg/thumbnail/20191216/r_20191216021111921.jpg,전자기기,기타용품,화이트,흰
F2019121600001857-1,https://www.lost112.go.kr/lostnfs/images/uploadImg/thumbnail/20191216/r_20191216021447957.jpg,의류,기타의류,블랙,검정
F2019121600001309-1,https://www.lost112.go.kr/lostnfs/images/uploadImg/thumbnail/20191216/r_20191216011027342.jpg,기타물품,기타,코럴,산호
F2019121600001293-1,https://www.lost112.go.kr/lostnfs/images/uploadImg/thumbnail/20191216/r_20191216010446861.jpg,의류,기타의류,오렌지,연한오렌지
F2019121600001316-1,https://www.lost112.go.kr/lostnfs/images/uploadImg/thumbnail/20191217/r_20191217104152586.jpg,기타물품,기타,올리브,녹갈
F2019121600001268-1,https://www.lost112.go.kr/lostnfs/images/uploadImg/thumbnail/20191217/r_20191217104555765.jpg,전자기기,기타용품,블랙,검정
F2019121600001260-1,https://www.lost112.go.kr/lostnfs/images/uploadImg/thumbnail/20191217/r_20191217104945376.jpg,자동차,자동차열쇠,블랙,검정
F2019121600001254-1,https://www.lost112.go.kr/lostnfs/images/uploadImg/thumbnail/20191217/r_20191217105805280.jpg,자동차,자동차열쇠,블랙,검정
F2019121600001238-1,https://www.lost112.go.kr/lostnfs/images/uploadImg/thumbnail/20191217/r_20191217105948451.jpg,자동차,자동차열쇠,블랙,검정
F2019121600000802-1,https://www.lost112.go.kr/lostnfs/images/uploadImg/thumbnail/20191216/20191216093002835.jpg,가방,기타가방,라임그린,어두운청록
F2019121400000735-1,https://www.lost112.go.kr/lostnfs/images/uploadImg/thumbnail/20191216/20191216104730319.jpg,가방,남성용가방,엘로우,노랑
F2019121300002339-1,https://www.lost112.go.kr/lostnfs/images/uploadImg/thumbnail/20191216/r_20191216090648804.jpg,휴대폰,삼성휴대폰,핑크,선명한분홍
F2019121300002247-1,https://www.lost112.go.kr/lostnfs/images/uploadImg/thumbnail/20191216/r_20191216032808230.jpg,전자기기,기타용품,화이트,흰
F2019121200002653-1,https://www.lost112.go.kr/lostnfs/images/uploadImg/thumbnail/20191216/r_20191216031848027.jpg,휴대폰,LG휴대폰,블랙,검정
F2019121200002608-1,https://www.lost112.go.kr/lostnfs/images/uploadImg/thumbnail/20191231/20191231024918976.jpg,귀금속,시계,화이트,흰
F2019121100000527-1,https://www.lost112.go.kr/lostnfs/images/uploadImg/thumbnail/20191211/r_20191211100025421.jpg,지갑,기타 지갑,다크핑크,진분홍
F2019121100000465-1,https://www.lost112.go.kr/lostnfs/images/uploadImg/thumbnail/20191211/r_20191211100114309.jpg,지갑,기타 지갑,블랙,검정
F2019121100000457-1,https://www.lost112.go.kr/lostnfs/images/uploadImg/thumbnail/20191211/r_20191211100128371.jpg,지갑,기타 지갑,다크오렌지,어두운오렌지
F2019121100000447-1,https://www.lost112.go.kr/lostnfs/images/sub/img04_no_img.gif,귀금속,귀걸이,엘로우,밝은노랑
F2019121000002461-1,https://www.lost112.go.kr/lostnfs/images/uploadImg/thumbnail/20191211/r_20191211104034011.jpg,휴대폰,삼성휴대폰,화이트,흰
F2019121000001278-1,https://www.lost112.go.kr/lostnfs/images/uploadImg/thumbnail/20191210/20191210030551993.jpg,귀금속,시계,화이트,흰
F2019120900002948-1,https://www.lost112.go.kr/lostnfs/images/uploadImg/thumbnail/20191209/r_20191209065546566.jpg,지갑,남성용 지갑,로열블루,밝은남
F2019120900002932-1,https://www.lost112.go.kr/lostnfs/images/uploadImg/thumbnail/20191209/r_20191209065029453.jpg,휴대폰,LG휴대폰,블랙,검정
F2019120900002926-1,https://www.lost112.go.kr/lostnfs/images/uploadImg/thumbnail/20191209/r_20191209065735468.jpg,전자기기,기타용품,블랙,검정
F2019120600000219-1,https://www.lost112.go.kr/lostnfs/images/uploadImg/thumbnail/20191114/20191114064217187.JPG,전자기기,기타용품,블랙,검정
F2019120600000217-1,https://www.lost112.go.kr/lostnfs/images/uploadImg/thumbnail/20191114/20191114063710101.JPG,휴대폰,LG휴대폰,블랙,검정
F2019120600000215-1,https://www.lost112.go.kr/lostnfs/images/uploadImg/thumbnail/20191114/20191114063351292.JPG,컴퓨터,기타,화이트,흰
F2019120600000175-1,https://www.lost112.go.kr/lostnfs/images/uploadImg/thumbnail/20191127/20191127113938655.jpg,전자기기,기타용품,화이트,흰
F2019120600000173-1,https://www.lost112.go.kr/lostnfs/images/uploadImg/thumbnail/20191127/20191127114037904.jpg,서류,기타물품,블랙,검정
F2019120500002248-1,https://www.lost112.go.kr/lostnfs/images/uploadImg/thumbnail/20191205/r_20191205040318809.jpg,자동차,자동차열쇠,블랙,검정
F2019120500000805-1,https://www.lost112.go.kr/lostnfs/images/sub/img04_no_img.gif,귀금속,반지,코럴,산호
F2019120500000785-1,https://www.lost112.go.kr/lostnfs/images/sub/img04_no_img.gif,기타물품,기타,피치오렌지,오렌지
F2019120500000761-1,https://www.lost112.go.kr/lostnfs/images/uploadImg/thumbnail/20191205/r_20191205110419183.jpg,지갑,기타 지갑,그레이,회
F2019120500000641-1,https://www.lost112.go.kr/lostnfs/images/uploadImg/thumbnail/20191205/r_20191205102740419.jpg,의류,아기의류,다크블루,어두운파랑
F2019120500000621-2,https://www.lost112.go.kr/lostnfs/images/uploadImg/thumbnail/20191205/r_20191205102338007.jpg,의류,기타의류,블랙,검정
F2019120500000621-1,https://www.lost112.go.kr/lostnfs/images/uploadImg/thumbnail/20191205/r_20191205102338007.jpg,의류,기타의류,블랙,검정
F2019120500000621-3,https://www.lost112.go.kr/lostnfs/images/uploadImg/thumbnail/20191205/r_20191205102338007.jpg,의류,기타의류,블랙,검정
F2019120500000487-1,https://www.lost112.go.kr/lostnfs/images/uploadImg/thumbnail/20191205/r_20191205093011525.jpg,가방,기타가방,알리자린,홍
F2019120500000443-1,https://www.lost112.go.kr/lostnfs/images/uploadImg/thumbnail/20191205/r_20191205042654103.jpg,기타물품,기타,알리자린,홍
F2019120400003701-1,https://www.lost112.go.kr/lostnfs/images/uploadImg/thumbnail/20191204/r_20191204061928942.jpg,휴대폰,아이폰,블랙,검정
F2019120400002501-1,https://www.lost112.go.kr/lostnfs/images/uploadImg/thumbnail/20191126/r_20191126042635379.jpg,지갑,남성용 지갑,코발트,짙은청록
F2019120400002317-1,https://www.lost112.go.kr/lostnfs/images/uploadImg/thumbnail/20191120/20191120060631559.jpg,지갑,기타 지갑,블랙,검정
F2019120400002315-1,https://www.lost112.go.kr/lostnfs/images/uploadImg/thumbnail/20191120/20191120060752382.jpg,지갑,기타 지갑,블루,파랑
F2019120400002313-1,https://www.lost112.go.kr/lostnfs/images/uploadImg/thumbnail/20191120/20191120060845115.jpg,지갑,기타 지갑,핑크,분홍
F2019120400002311-1,https://www.lost112.go.kr/lostnfs/images/uploadImg/thumbnail/20191120/20191120061018479.jpg,귀금속,목걸이,그레이,회
F2019120400002309-1,https://www.lost112.go.kr/lostnfs/images/uploadImg/thumbnail/20191120/20191120063448092.jpg,지갑,기타 지갑,핑크,선명한분홍
F2019120400002307-1,https://www.lost112.go.kr/lostnfs/images/uploadImg/thumbnail/20191120/20191120063814634.jpg,귀금속,목걸이,그레이,회
F2019120400002305-1,https://www.lost112.go.kr/lostnfs/images/uploadImg/thumbnail/20191120/20191120063944758.jpg,귀금속,기타,그레이,회
F2019120400002303-1,https://www.lost112.go.kr/lostnfs/images/uploadImg/thumbnail/20191120/20191120064459845.jpg,귀금속,반지,그레이,회
F2019120400002301-1,https://www.lost112.go.kr/lostnfs/images/uploadImg/thumbnail/20191120/20191120064648651.jpg,귀금속,귀걸이,씨그린,노르스름한녹
F2019120400002299-1,https://www.lost112.go.kr/lostnfs/images/uploadImg/thumbnail/20191120/20191120064938378.jpg,귀금속,반지,그레이,회
F2019120400002297-1,https://www.lost112.go.kr/lostnfs/images/uploadImg/thumbnail/20191122/20191122023233039.jpg,귀금속,목걸이,라이트그레이,옅은회
F2019120400002295-1,https://www.lost112.go.kr/lostnfs/images/uploadImg/thumbnail/20191122/20191122023945076.jpg,의류,여성의류,다크오렌지,어두운오렌지
F2019120400002293-1,https://www.lost112.go.kr/lostnfs/images/uploadImg/thumbnail/20191122/20191122024458091.jpg,귀금속,목걸이,올리브,녹갈
F2019120400002291-1,https://www.lost112.go.kr/lostnfs/images/uploadImg/thumbnail/20191122/20191122025155403.jpg,의류,아기의류,라이트그레이,옅은회
F2019120400002289-1,https://www.lost112.go.kr/lostnfs/images/uploadImg/thumbnail/20191122/20191122025456997.jpg,의류,아기의류,그레이,회
F2019120400002287-1,https://www.lost112.go.kr/lostnfs/images/uploadImg/thumbnail/20191123/20191123104855008.jpg,의류,아기의류,딥스카이블루,새파란하늘
F2019120400002285-1,https://www.lost112.go.kr/lostnfs/images/uploadImg/thumbnail/20191123/20191123105700520.jpg,기타물품,기타,라이트그레이,옅은회
F2019120400002283-1,https://www.lost112.go.kr/lostnfs/images/uploadImg/thumbnail/20191123/20191123105955788.jpg,기타물품,기타,딥스카이블루,새파란하늘
F2019120400002281-1,https://www.lost112.go.kr/lostnfs/images/uploadImg/thumbnail/20191123/20191123110149978.jpg,의류,기타의류,화이트,흰
F2019120400002279-1,https://www.lost112.go.kr/lostnfs/images/uploadImg/thumbnail/20191123/20191123110635689.jpg,의류,아기의류,엘로우,노랑
F2019120400002277-1,https://www.lost112.go.kr/lostnfs/images/uploadImg/thumbnail/20191123/20191123111208037.jpg,의류,아기의류,핑크,연한핑크
F2019120400002275-1,https://www.lost112.go.kr/lostnfs/images/uploadImg/thumbnail/20191123/20191123111535325.jpg,의류,기타의류,화이트,흰
F2019120400002273-1,https://www.lost112.go.kr/lostnfs/images/uploadImg/thumbnail/20191123/20191123112313759.jpg,의류,기타의류,라임그린,어두운청록
F2019120400002271-1,https://www.lost112.go.kr/lostnfs/images/uploadImg/thumbnail/20191123/20191123113505619.jpg,기타물품,기타,그레이,회
F2019120400002269-1,https://www.lost112.go.kr/lostnfs/images/uploadImg/thumbnail/20191123/20191123113823900.jpg,지갑,기타 지갑,블랙,검정
F2019120400002267-1,https://www.lost112.go.kr/lostnfs/images/uploadImg/thumbnail/20191123/20191123114420961.jpg,지갑,기타 지갑,코발트,짙은청록
F2019120400002265-1,https://www.lost112.go.kr/lostnfs/images/uploadImg/thumbnail/20191123/20191123114635509.jpg,지갑,기타 지갑,그레이,회
F2019120400002263-1,https://www.lost112.go.kr/lostnfs/images/uploadImg/thumbnail/20191123/20191123114837312.jpg,지갑,기타 지갑,블랙,검정
F2019120400002261-1,https://www.lost112.go.kr/lostnfs/images/uploadImg/thumbnail/20191123/20191123115424983.jpg,전자기기,기타용품,코발트,짙은청록
F2019120400002259-1,https://www.lost112.go.kr/lostnfs/images/uploadImg/thumbnail/20191123/20191123115630991.jpg,도서용품,만화책,바이올렛,보라
F2019120400002257-1,https://www.lost112.go.kr/lostnfs/images/uploadImg/thumbnail/20191123/20191123120534352.jpg,의류,아기의류,블랙,검정
F2019120400002255-1,https://www.lost112.go.kr/lostnfs/images/uploadImg/thumbnail/20191123/20191123122012945.jpg,의류,아기의류,화이트,흰
F2019120400002253-1,https://www.lost112.go.kr/lostnfs/images/uploadImg/thumbnail/20191123/20191123123010928.jpg,의류,아기의류,그레이,회
F2019120400002251-1,https://www.lost112.go.kr/lostnfs/images/uploadImg/thumbnail/20191123/20191123123619723.jpg,의류,아기의류,화이트,흰
F2019120400002249-1,https://www.lost112.go.kr/lostnfs/images/uploadImg/thumbnail/20191123/20191123123856225.jpg,의류,기타의류,다크레드,진빨강
F2019120400002247-1,https://www.lost112.go.kr/lostnfs/images/uploadImg/thumbnail/20191123/20191123124042909.jpg,기타물품,기타,그레이,회
F2019120400002245-1,https://www.lost112.go.kr/lostnfs/images/uploadImg/thumbnail/20191123/20191123124400771.jpg,의류,아기의류,그레이,회
F2019120400002243-1,https://www.lost112.go.kr/lostnfs/images/uploadImg/thumbnail/20191123/20191123124608165.jpg,의류,기타의류,오렌지,선명한오렌지
F2019120400002241-1,https://www.lost112.go.kr/lostnfs/images/uploadImg/thumbnail/20191123/20191123124804404.jpg,기타물품,기타,핑크,연한핑크
F2019120400002239-1,https://www.lost112.go.kr/lostnfs/images/uploadImg/thumbnail/20191123/20191123125115302.jpg,전자기기,기타용품,화이트,흰
F2019120400002237-1,https://www.lost112.go.kr/lostnfs/images/uploadImg/thumbnail/20191123/20191123125306303.jpg,기타물품,기타,코럴,산호
F2019120400002235-1,https://www.lost112.go.kr/lostnfs/images/uploadImg/thumbnail/20191123/20191123125423340.jpg,의류,아기의류,화이트,흰
F2019120400002233-1,https://www.lost112.go.kr/lostnfs/images/uploadImg/thumbnail/20191123/20191123125625773.jpg,전자기기,기타용품,블랙,검정
F2019120400002229-1,https://www.lost112.go.kr/lostnfs/images/uploadImg/thumbnail/20191128/20191128033759428.jpg,기타물품,기타,블루바이올렛,남보라
F2019120400002227-1,https://www.lost112.go.kr/lostnfs/images/uploadImg/thumbnail/20191128/20191128033949244.jpg,가방,남성용가방,블랙,검정
F2019120400002225-1,https://www.lost112.go.kr/lostnfs/images/uploadImg/thumbnail/20191128/20191128034042119.jpg,휴대폰,삼성휴대폰,블랙,검정
F2019120400002223-1,https://www.lost112.go.kr/lostnfs/images/uploadImg/thumbnail/20191128/20191128034127056.jpg,가방,여성용가방,화이트,흰
F2019120400002221-1,https://www.lost112.go.kr/lostnfs/images/uploadImg/thumbnail/20191128/20191128034221755.jpg,기타물품,기타,화이트,흰
F2019120400002219-1,https://www.lost112.go.kr/lostnfs/images/uploadImg/thumbnail/20191128/20191128034316057.jpg,휴대폰,삼성휴대폰,오렌지,선명한오렌지
F2019120400002217-1,https://www.lost112.go.kr/lostnfs/images/uploadImg/thumbnail/20191128/20191128034359327.jpg,가방,남성용가방,블랙,검정
F2019120400002215-1,https://www.lost112.go.kr/lostnfs/images/uploadImg/thumbnail/20191128/20191128034450541.jpg,의류,아기의류,핑크,분홍
F2019120400002213-1,https://www.lost112.go.kr/lostnfs/images/uploadImg/thumbnail/20191128/20191128034630484.jpg,가방,여성용가방,코럴,산호
F2019120400002211-1,https://www.lost112.go.kr/lostnfs/images/uploadImg/thumbnail/20191128/20191128034729143.jpg,귀금속,기타,화이트,흰
F2019120400002209-1,https://www.lost112.go.kr/lostnfs/images/uploadImg/thumbnail/20191128/20191128034846997.jpg,쇼핑백,쇼핑백,코럴,산호
F2019120400002207-1,https://www.lost112.go.kr/lostnfs/images/uploadImg/thumbnail/20191128/20191128034934178.jpg,기타물품,기타,핑크,분홍
F2019120400002205-1,https://www.lost112.go.kr/lostnfs/images/uploadImg/thumbnail/20191120/20191120114103944.jpg,전자기기,기타용품,블랙,검정
F2019120400002203-1,https://www.lost112.go.kr/lostnfs/images/uploadImg/thumbnail/20191120/20191120113838717.jpg,휴대폰,아이폰,화이트,흰
F2019120300000203-1,https://www.lost112.go.kr/lostnfs/images/uploadImg/thumbnail/20191128/20191128025030002.jpg,기타물품,기타,엘로우,노랑
F2019120300000201-1,https://www.lost112.go.kr/lostnfs/images/uploadImg/thumbnail/20191128/20191128023430608.jpg,기타물품,기타,코발트,짙은청록
F2019120300000199-1,https://www.lost112.go.kr/lostnfs/images/uploadImg/thumbnail/20191128/20191128023331498.jpg,카드,기타카드,화이트,흰
F2019120300000197-1,https://www.lost112.go.kr/lostnfs/images/uploadImg/thumbnail/20191127/20191127114912924.jpg,의류,기타의류,레드,빨강
F2019120300000195-1,https://www.lost112.go.kr/lostnfs/images/uploadImg/thumbnail/20191127/20191127114234835.jpg,전자기기,기타용품,화이트,흰
F2019120300000193-1,https://www.lost112.go.kr/lostnfs/images/uploadImg/thumbnail/20191127/20191127113617037.jpg,서류,기타물품,레드,연한빨강
F2019120300000191-1,https://www.lost112.go.kr/lostnfs/images/uploadImg/thumbnail/20191127/20191127113401125.jpg,휴대폰,삼성휴대폰,블루,파랑
F2019120300000189-1,https://www.lost112.go.kr/lostnfs/images/uploadImg/thumbnail/20191124/20191124052359175.jpg,기타물품,기타,다크레드,진빨강
F2019120300000187-1,https://www.lost112.go.kr/lostnfs/images/uploadImg/thumbnail/20191124/20191124052220422.jpg,의류,여성의류,다크레드,진빨강
F2019120300000185-1,https://www.lost112.go.kr/lostnfs/images/uploadImg/thumbnail/20191124/20191124050219103.jpg,기타물품,기타,시안,청록
F2019120300000181-1,https://www.lost112.go.kr/lostnfs/images/uploadImg/thumbnail/20191124/20191124031500454.jpg,기타물품,기타,화이트,흰
F2019120300000179-1,https://www.lost112.go.kr/lostnfs/images/uploadImg/thumbnail/20191124/20191124030109473.jpg,의류,아기의류,피치오렌지,오렌지
F2019120300000175-1,https://www.lost112.go.kr/lostnfs/images/uploadImg/thumbnail/20191124/20191124020124199.jpg,기타물품,기타,블루,파랑
F2019120300000173-1,https://www.lost112.go.kr/lostnfs/images/uploadImg/thumbnail/20191124/20191124032010809.jpg,기타물품,기타,레드,연한빨강
F2019120200003030-1,https://www.lost112.go.kr/lostnfs/images/sub/img04_no_img.gif,증명서,신분증,화이트,흰
F2019120200003028-1,https://www.lost112.go.kr/lostnfs/images/sub/img04_no_img.gif,카드,기타카드,화이트,흰
F2019120200003026-1,https://www.lost112.go.kr/lostnfs/images/sub/img04_no_img.gif,증명서,신분증,화이트,흰
F2019120200003020-1,https://www.lost112.go.kr/lostnfs/images/uploadImg/thumbnail/20191124/20191124050504543.jpg,기타물품,기타,화이트,흰
F2019120200003018-1,https://www.lost112.go.kr/lostnfs/images/uploadImg/thumbnail/20191124/20191124030532526.jpg,기타물품,기타,블랙,검정
F2019120200003016-1,https://www.lost112.go.kr/lostnfs/images/uploadImg/thumbnail/20191124/20191124030652516.jpg,기타물품,기타,블랙,검정
F2019120200003008-1,https://www.lost112.go.kr/lostnfs/images/uploadImg/thumbnail/20191124/20191124015846019.jpg,귀금속,기타,그레이,회
F2019120200003002-1,https://www.lost112.go.kr/lostnfs/images/uploadImg/thumbnail/20191127/20191127114148515.jpg,카드,기타카드,퓨시아,자홍
F2019120200002994-1,https://www.lost112.go.kr/lostnfs/images/uploadImg/thumbnail/20191128/20191128031505388.jpg,의류,여성의류,블루바이올렛,남보라
F2019120200002990-1,https://www.lost112.go.kr/lostnfs/images/uploadImg/thumbnail/20191124/20191124045745446.jpg,의류,남성의류,블랙,검정
F2019120200002984-1,https://www.lost112.go.kr/lostnfs/images/uploadImg/thumbnail/20191124/20191124030808938.jpg,가방,기타가방,블루,파랑
F2019120200002976-1,https://www.lost112.go.kr/lostnfs/images/uploadImg/thumbnail/20191124/20191124020008857.jpg,기타물품,기타,블랙,검정
F2019120200002974-1,https://www.lost112.go.kr/lostnfs/images/uploadImg/thumbnail/20191124/20191124051546135.jpg,기타물품,기타,오렌지,선명한오렌지
F2019120200002962-1,https://www.lost112.go.kr/lostnfs/images/uploadImg/thumbnail/20191128/20191128023040257.jpg,기타물품,기타,엘로우,노랑
F2019120200002958-1,https://www.lost112.go.kr/lostnfs/images/uploadImg/thumbnail/20191128/20191128022428956.jpg,기타물품,기타,그레이,회
F2019120200002956-1,https://www.lost112.go.kr/lostnfs/images/uploadImg/thumbnail/20191124/20191124052712674.jpg,기타물품,기타,로열블루,밝은남
F2019120200002952-1,https://www.lost112.go.kr/lostnfs/images/uploadImg/thumbnail/20191128/20191128025141798.jpg,기타물품,기타,블루,파랑
F2019120200002942-1,https://www.lost112.go.kr/lostnfs/images/uploadImg/thumbnail/20191128/20191128024654333.jpg,의류,기타의류,화이트,흰
F2019120200002938-1,https://www.lost112.go.kr/lostnfs/images/uploadImg/thumbnail/20191128/20191128024826892.jpg,기타물품,기타,그레이,회
F2019120200000460-1,https://www.lost112.go.kr/lostnfs/images/sub/img04_no_img.gif,귀금속,기타,화이트,흰
F2019120200000458-1,https://www.lost112.go.kr/lostnfs/images/sub/img04_no_img.gif,전자기기,기타용품,블랙,검정
F2019113000001273-1,https://www.lost112.go.kr/lostnfs/images/sub/img04_no_img.gif,귀금속,시계,그레이,회
F2019112900001630-1,https://www.lost112.go.kr/lostnfs/images/uploadImg/thumbnail/20191209/r_20191209110951015.jpg,전자기기,기타용품,화이트,흰
F2019112900000985-1,https://www.lost112.go.kr/lostnfs/images/sub/img04_no_img.gif,전자기기,기타용품,다크오렌지,어두운오렌지
F2019112900000969-1,https://www.lost112.go.kr/lostnfs/images/sub/img04_no_img.gif,전자기기,기타용품,블랙,검정
F2019112900001004-1,https://www.lost112.go.kr/lostnfs/images/sub/img04_no_img.gif,현금,현금,화이트,흰
F2019112900000556-1,https://www.lost112.go.kr/lostnfs/images/uploadImg/thumbnail/20191119/20191119062349897.jpg,기타물품,기타,핑크,연한핑크
F2019112900000538-1,https://www.lost112.go.kr/lostnfs/images/uploadImg/thumbnail/20191120/20191120055855768.jpg,기타물품,기타,브라운,갈
F2019112900000536-1,https://www.lost112.go.kr/lostnfs/images/uploadImg/thumbnail/20191120/20191120055520499.jpg,의류,아기의류,엘로우,밝은노랑
F2019112900000534-1,https://www.lost112.go.kr/lostnfs/images/uploadImg/thumbnail/20191120/20191120053133929.jpg,기타물품,기타,레드,연한레드
F2019112900000532-1,https://www.lost112.go.kr/lostnfs/images/uploadImg/thumbnail/20191120/20191120053011260.jpg,기타물품,기타,화이트,흰
F2019112900000530-1,https://www.lost112.go.kr/lostnfs/images/uploadImg/thumbnail/20191120/20191120052933820.jpg,기타물품,기타,핑크,연한핑크
F2019112900000528-1,https://www.lost112.go.kr/lostnfs/images/uploadImg/thumbnail/20191120/20191120052843755.jpg,기타물품,기타,블랙,검정
F2019112900000526-1,https://www.lost112.go.kr/lostnfs/images/uploadImg/thumbnail/20191120/20191120052732982.jpg,기타물품,기타,화이트,흰
F2019112900000504-1,https://www.lost112.go.kr/lostnfs/images/uploadImg/thumbnail/20191120/20191120052543169.jpg,기타물품,기타,레드,연한빨강
F2019112900000502-1,https://www.lost112.go.kr/lostnfs/images/uploadImg/thumbnail/20191120/20191120052320722.jpg,카드,기타카드,다크바이올렛,진보라
F2019112900000498-1,https://www.lost112.go.kr/lostnfs/images/uploadImg/thumbnail/20191120/20191120044558508.jpg,기타물품,기타,화이트,흰
F2019112900000496-1,https://www.lost112.go.kr/lostnfs/images/uploadImg/thumbnail/20191120/20191120044309119.jpg,가방,여성용가방,브라운,갈
F2019112900000494-1,https://www.lost112.go.kr/lostnfs/images/uploadImg/thumbnail/20191120/20191120044012802.jpg,의류,기타의류,딥스카이블루,새파란하늘
F2019112900000492-1,https://www.lost112.go.kr/lostnfs/images/uploadImg/thumbnail/20191120/20191120043848329.jpg,스포츠용품,기타용품,블랙,검정
F2019112900000488-1,https://www.lost112.go.kr/lostnfs/images/uploadImg/thumbnail/20191120/20191120043218219.jpg,의류,여성의류,화이트,흰
F2019112800002202-1,https://www.lost112.go.kr/lostnfs/images/uploadImg/thumbnail/20191128/20191128051640519.jpg,휴대폰,삼성휴대폰,화이트,흰
V0003594E11280026-1,https://www.lost112.go.kr/lostnfs/images/uploadImg/thumbnail/20191128/20191128024932007.jpg,카드,기타카드,블랙,검정
V0003594E11280020-1,https://www.lost112.go.kr/lostnfs/images/uploadImg/thumbnail/20191128/20191128024553483.jpg,카드,기타카드,화이트,흰
V0003594E11280018-1,https://www.lost112.go.kr/lostnfs/images/uploadImg/thumbnail/20191128/20191128024356441.jpg,카드,기타카드,블루,파랑
V0003594E11270004-1,https://www.lost112.go.kr/lostnfs/images/uploadImg/thumbnail/20191127/20191127113455014.jpg,지갑,여성용 지갑,블랙,검정
F2019112600003059-1,https://www.lost112.go.kr/lostnfs/images/uploadImg/thumbnail/20191204/r_20191204022127564.jpg,휴대폰,LG휴대폰,핑크,연한핑크
F2019112600003053-1,https://www.lost112.go.kr/lostnfs/images/uploadImg/thumbnail/20191204/r_20191204022151177.jpg,휴대폰,기타통신기기,엘로우,밝은노랑
F2019112600002771-1,https://www.lost112.go.kr/lostnfs/images/uploadImg/thumbnail/20191126/20191126060549172.jpg,지갑,기타 지갑,오렌지,선명한오렌지
F2019112500001548-1,https://www.lost112.go.kr/lostnfs/images/sub/img04_no_img.gif,기타물품,기타,블랙,검정
F2019112500001546-1,https://www.lost112.go.kr/lostnfs/images/sub/img04_no_img.gif,전자기기,기타용품,화이트,흰
F2019112500001540-1,https://www.lost112.go.kr/lostnfs/images/sub/img04_no_img.gif,전자기기,기타용품,블랙,검정
F2019112500001292-1,https://www.lost112.go.kr/lostnfs/images/uploadImg/thumbnail/20191125/20191125035746459.jpg,기타물품,기타,화이트,흰
F2019112500001288-1,https://www.lost112.go.kr/lostnfs/images/uploadImg/thumbnail/20191125/20191125035723019.jpg,기타물품,기타,엘로우,밝은노랑
F2019112500001262-1,https://www.lost112.go.kr/lostnfs/images/uploadImg/thumbnail/20191125/20191125035653003.jpg,기타물품,기타,실버,은
F2019112500001258-1,https://www.lost112.go.kr/lostnfs/images/uploadImg/thumbnail/20191125/20191125035601756.jpg,기타물품,기타,시안,청록
F2019112500001254-1,https://www.lost112.go.kr/lostnfs/images/uploadImg/thumbnail/20191125/20191125035510278.jpg,의류,기타의류,화이트,흰
F2019112500001248-1,https://www.lost112.go.kr/lostnfs/images/uploadImg/thumbnail/20191125/20191125035419404.jpg,기타물품,기타,코발트,짙은청록
F2019112500001240-1,https://www.lost112.go.kr/lostnfs/images/uploadImg/thumbnail/20191125/20191125035342151.jpg,의류,기타의류,블랙,검정
F2019112500001226-1,https://www.lost112.go.kr/lostnfs/images/uploadImg/thumbnail/20191125/20191125035222499.jpg,기타물품,기타,블랙,검정
F2019112500001216-1,https://www.lost112.go.kr/lostnfs/images/uploadImg/thumbnail/20191125/20191125035124131.jpg,기타물품,기타,화이트,흰
F2019112500001206-1,https://www.lost112.go.kr/lostnfs/images/uploadImg/thumbnail/20191125/20191125035054056.jpg,기타물품,기타,실버,은
F2019112500001204-1,https://www.lost112.go.kr/lostnfs/images/uploadImg/thumbnail/20191125/20191125035021140.jpg,기타물품,기타,브라운,갈
F2019112500001196-1,https://www.lost112.go.kr/lostnfs/images/uploadImg/thumbnail/20191125/20191125034938770.jpg,가방,기타가방,화이트,흰
F2019112500001190-1,https://www.lost112.go.kr/lostnfs/images/uploadImg/thumbnail/20191125/20191125034837765.jpg,의류,기타의류,블랙,검정
F2019112500001174-1,https://www.lost112.go.kr/lostnfs/images/uploadImg/thumbnail/20191125/20191125034358387.jpg,의류,여성의류,화이트,흰
F2019112500001158-1,https://www.lost112.go.kr/lostnfs/images/uploadImg/thumbnail/20191125/20191125034324637.jpg,의류,기타의류,레드,연한레드
F2019112500001150-1,https://www.lost112.go.kr/lostnfs/images/uploadImg/thumbnail/20191125/20191125034227683.jpg,의류,기타의류,화이트,흰
F2019112500001132-1,https://www.lost112.go.kr/lostnfs/images/uploadImg/thumbnail/20191125/20191125034155439.jpg,기타물품,기타,코발트,짙은청록
F2019112500001118-1,https://www.lost112.go.kr/lostnfs/images/uploadImg/thumbnail/20191125/20191125034109395.jpg,기타물품,기타,다크시안,어두운청록
F2019112500001110-1,https://www.lost112.go.kr/lostnfs/images/uploadImg/thumbnail/20191125/20191125034011212.jpg,의류,기타의류,블루바이올렛,남보라
F2019112500001064-1,https://www.lost112.go.kr/lostnfs/images/uploadImg/thumbnail/20191125/20191125033812892.jpg,의류,기타의류,블루바이올렛,남보라
F2019112500001183-1,https://www.lost112.go.kr/lostnfs/images/uploadImg/thumbnail/20191125/20191125034732494.jpg,기타물품,기타,화이트,흰
F2019112500001177-1,https://www.lost112.go.kr/lostnfs/images/uploadImg/thumbnail/20191125/20191125034535952.jpg,의류,기타의류,화이트,흰
F2019112500000842-1,https://www.lost112.go.kr/lostnfs/images/sub/img04_no_img.gif,전자기기,기타용품,블랙,검정
F2019112500000965-1,https://www.lost112.go.kr/lostnfs/images/uploadImg/thumbnail/20191125/20191125033735445.jpg,기타물품,기타,스트롱시안,진한청록
F2019112500000939-1,https://www.lost112.go.kr/lostnfs/images/uploadImg/thumbnail/20191125/20191125033545609.jpg,가방,기타가방,코발트,짙은청록
F2019112500000873-1,https://www.lost112.go.kr/lostnfs/images/uploadImg/thumbnail/20191125/20191125033345450.jpg,의류,기타의류,화이트,흰
F2019112500000853-1,https://www.lost112.go.kr/lostnfs/images/uploadImg/thumbnail/20191125/20191125033242110.jpg,의류,기타의류,그린,초록
F2019112500000789-1,https://www.lost112.go.kr/lostnfs/images/uploadImg/thumbnail/20191125/20191125033020081.jpg,의류,기타의류,피치오렌지,오렌지
F2019112500000494-1,https://www.lost112.go.kr/lostnfs/images/sub/img04_no_img.gif,귀금속,시계,라이트그레이,옅은회
F2019112500000492-1,https://www.lost112.go.kr/lostnfs/images/sub/img04_no_img.gif,기타물품,기타,블랙,검정
F2019112500000490-1,https://www.lost112.go.kr/lostnfs/images/sub/img04_no_img.gif,지갑,기타 지갑,피치오렌지,오렌지
V0003594E11240012-1,https://www.lost112.go.kr/lostnfs/images/uploadImg/thumbnail/20191124/20191124030309685.jpg,의류,여성의류,코럴,산호
F2019112300000740-1,https://www.lost112.go.kr/lostnfs/images/sub/img04_no_img.gif,가방,기타가방,다크핑크,진분홍
F2019112200002474-1,https://www.lost112.go.kr/lostnfs/images/uploadImg/thumbnail/20191122/20191122040749359.jpg,지갑,남성용 지갑,블랙,검정
F2019112200002352-1,https://www.lost112.go.kr/lostnfs/images/uploadImg/thumbnail/20191122/20191122035110135.jpg,지갑,남성용 지갑,코럴,산호
F2019112200002308-1,https://www.lost112.go.kr/lostnfs/images/uploadImg/thumbnail/20191122/20191122034418033.jpg,자동차,자동차열쇠,블랙,검정
F2019112200002215-1,https://www.lost112.go.kr/lostnfs/images/uploadImg/thumbnail/20191122/r_20191122031715727.jpg,지갑,남성용 지갑,블랙,검정
F2019112200001738-1,https://www.lost112.go.kr/lostnfs/images/sub/img04_no_img.gif,귀금속,목걸이,화이트,흰
F2019112200001732-1,https://www.lost112.go.kr/lostnfs/images/sub/img04_no_img.gif,귀금속,기타,화이트,흰
F2019112200001722-1,https://www.lost112.go.kr/lostnfs/images/sub/img04_no_img.gif,귀금속,반지,화이트,흰
F2019112200001710-1,https://www.lost112.go.kr/lostnfs/images/uploadImg/thumbnail/20191122/20191122022747274.jpg,기타물품,기타,화이트,흰
F2019112200001630-1,https://www.lost112.go.kr/lostnfs/images/uploadImg/thumbnail/20191122/20191122022658233.jpg,기타물품,기타,화이트,흰
F2019112200001602-1,https://www.lost112.go.kr/lostnfs/images/uploadImg/thumbnail/20191122/20191122022639009.jpg,기타물품,기타,화이트,흰
F2019112200001600-1,https://www.lost112.go.kr/lostnfs/images/uploadImg/thumbnail/20191122/20191122022620476.jpg,의류,아기의류,화이트,흰
F2019112200001596-1,https://www.lost112.go.kr/lostnfs/images/uploadImg/thumbnail/20191122/20191122022601632.jpg,기타물품,기타,화이트,흰
F2019112200001584-1,https://www.lost112.go.kr/lostnfs/images/uploadImg/thumbnail/20191122/20191122022539819.jpg,기타물품,기타,화이트,흰
F2019112200001576-1,https://www.lost112.go.kr/lostnfs/images/uploadImg/thumbnail/20191122/20191122022502040.jpg,기타물품,기타,화이트,흰
F2019112200001572-1,https://www.lost112.go.kr/lostnfs/images/uploadImg/thumbnail/20191122/20191122022444746.jpg,기타물품,기타,화이트,흰
F2019112200001570-1,https://www.lost112.go.kr/lostnfs/images/uploadImg/thumbnail/20191122/20191122022424455.jpg,가방,기타가방,화이트,흰
F2019112200001568-1,https://www.lost112.go.kr/lostnfs/images/uploadImg/thumbnail/20191122/20191122022404457.jpg,기타물품,기타,화이트,흰
F2019112200001544-1,https://www.lost112.go.kr/lostnfs/images/uploadImg/thumbnail/20191122/20191122022345671.jpg,기타물품,기타,화이트,흰
F2019112200001540-1,https://www.lost112.go.kr/lostnfs/images/uploadImg/thumbnail/20191122/20191122022310732.jpg,가방,기타가방,화이트,흰
F2019112200001536-1,https://www.lost112.go.kr/lostnfs/images/uploadImg/thumbnail/20191122/20191122022233992.jpg,기타물품,기타,화이트,흰
F2019112200001532-1,https://www.lost112.go.kr/lostnfs/images/uploadImg/thumbnail/20191122/20191122022203785.jpg,기타물품,기타,화이트,흰
F2019112200001528-1,https://www.lost112.go.kr/lostnfs/images/uploadImg/thumbnail/20191122/20191122022133452.jpg,기타물품,기타,화이트,흰
F2019112200001520-1,https://www.lost112.go.kr/lostnfs/images/sub/img04_no_img.gif,귀금속,기타,화이트,흰
F2019112200001518-1,https://www.lost112.go.kr/lostnfs/images/sub/img04_no_img.gif,귀금속,기타,화이트,흰
F2019112200001516-1,https://www.lost112.go.kr/lostnfs/images/sub/img04_no_img.gif,귀금속,기타,화이트,흰
F2019112200001510-1,https://www.lost112.go.kr/lostnfs/images/uploadImg/thumbnail/20191122/20191122021952155.jpg,기타물품,기타,화이트,흰
F2019112200001322-1,https://www.lost112.go.kr/lostnfs/images/uploadImg/thumbnail/20191122/20191122021930127.jpg,기타물품,기타,화이트,흰
F2019112200001318-1,https://www.lost112.go.kr/lostnfs/images/uploadImg/thumbnail/20191122/20191122021906093.jpg,기타물품,기타,화이트,흰
F2019112200000962-1,https://www.lost112.go.kr/lostnfs/images/uploadImg/thumbnail/20191122/20191122021818694.jpg,기타물품,기타,화이트,흰
F2019112200000960-1,https://www.lost112.go.kr/lostnfs/images/uploadImg/thumbnail/20191122/20191122021759612.jpg,기타물품,기타,화이트,흰
F2019112200000944-1,https://www.lost112.go.kr/lostnfs/images/uploadImg/thumbnail/20191122/20191122021725879.jpg,기타물품,기타,화이트,흰
F2019112200000922-1,https://www.lost112.go.kr/lostnfs/images/uploadImg/thumbnail/20191122/20191122021659595.jpg,기타물품,기타,화이트,흰
F2019112200000920-1,https://www.lost112.go.kr/lostnfs/images/uploadImg/thumbnail/20191122/20191122021640908.jpg,기타물품,기타,화이트,흰
F2019112200000894-1,https://www.lost112.go.kr/lostnfs/images/uploadImg/thumbnail/20191122/20191122021608803.jpg,기타물품,기타,화이트,흰
F2019112200000890-1,https://www.lost112.go.kr/lostnfs/images/uploadImg/thumbnail/20191122/20191122021546639.jpg,기타물품,기타,화이트,흰
F2019112200000730-1,https://www.lost112.go.kr/lostnfs/images/uploadImg/thumbnail/20191122/20191122020819381.jpg,기타물품,기타,화이트,흰
F2019112200000726-1,https://www.lost112.go.kr/lostnfs/images/uploadImg/thumbnail/20191122/20191122020758087.jpg,기타물품,기타,화이트,흰
F2019112200000696-1,https://www.lost112.go.kr/lostnfs/images/uploadImg/thumbnail/20191122/20191122020734485.jpg,기타물품,기타,화이트,흰
F2019112200000692-1,https://www.lost112.go.kr/lostnfs/images/uploadImg/thumbnail/20191122/20191122020704827.jpg,기타물품,기타,화이트,흰
F2019112200000686-1,https://www.lost112.go.kr/lostnfs/images/uploadImg/thumbnail/20191122/20191122020607618.jpg,기타물품,기타,화이트,흰
F2019112200000887-1,https://www.lost112.go.kr/lostnfs/images/uploadImg/thumbnail/20191122/20191122021520520.jpg,기타물품,기타,화이트,흰
F2019112200000881-1,https://www.lost112.go.kr/lostnfs/images/uploadImg/thumbnail/20191122/20191122021457480.jpg,기타물품,기타,화이트,흰
F2019112200000879-1,https://www.lost112.go.kr/lostnfs/images/uploadImg/thumbnail/20191122/20191122021435171.jpg,기타물품,기타,화이트,흰
F2019112200000877-1,https://www.lost112.go.kr/lostnfs/images/uploadImg/thumbnail/20191122/20191122021416494.jpg,기타물품,기타,화이트,흰
F2019112200000875-1,https://www.lost112.go.kr/lostnfs/images/uploadImg/thumbnail/20191122/20191122021357755.jpg,기타물품,기타,화이트,흰
F2019112200000867-1,https://www.lost112.go.kr/lostnfs/images/uploadImg/thumbnail/20191122/20191122021338112.jpg,기타물품,기타,화이트,흰
F2019112200000863-1,https://www.lost112.go.kr/lostnfs/images/uploadImg/thumbnail/20191122/20191122021317283.jpg,가방,기타가방,화이트,흰
F2019112200000861-1,https://www.lost112.go.kr/lostnfs/images/uploadImg/thumbnail/20191122/20191122021253585.jpg,기타물품,기타,화이트,흰
F2019112200000855-1,https://www.lost112.go.kr/lostnfs/images/uploadImg/thumbnail/20191122/20191122021226202.jpg,기타물품,기타,화이트,흰
F2019112200000847-1,https://www.lost112.go.kr/lostnfs/images/uploadImg/thumbnail/20191122/20191122021142970.jpg,기타물품,기타,화이트,흰
F2019112200000845-1,https://www.lost112.go.kr/lostnfs/images/uploadImg/thumbnail/20191122/20191122021115175.jpg,기타물품,기타,화이트,흰
F2019112200000833-1,https://www.lost112.go.kr/lostnfs/images/uploadImg/thumbnail/20191122/20191122021052343.jpg,기타물품,기타,화이트,흰
F2019112200000813-1,https://www.lost112.go.kr/lostnfs/images/uploadImg/thumbnail/20191122/20191122021031782.jpg,기타물품,기타,화이트,흰
F2019112200000811-1,https://www.lost112.go.kr/lostnfs/images/uploadImg/thumbnail/20191122/20191122021010129.jpg,기타물품,기타,화이트,흰
F2019112200000805-1,https://www.lost112.go.kr/lostnfs/images/uploadImg/thumbnail/20191122/20191122020942795.jpg,기타물품,기타,화이트,흰
F2019112200000789-1,https://www.lost112.go.kr/lostnfs/images/uploadImg/thumbnail/20191122/20191122020910477.jpg,기타물품,기타,화이트,흰
F2019112200000785-1,https://www.lost112.go.kr/lostnfs/images/uploadImg/thumbnail/20191122/20191122020847510.jpg,기타물품,기타,화이트,흰
F2019112200000090-1,https://www.lost112.go.kr/lostnfs/images/uploadImg/thumbnail/20191125/20191125094348009.jpg,휴대폰,삼성휴대폰,블랙,검정
F2019112100001970-1,https://www.lost112.go.kr/lostnfs/images/uploadImg/thumbnail/20191121/r_20191121034655004.jpg,휴대폰,삼성휴대폰,블랙,검정
F2019112100001426-1,https://www.lost112.go.kr/lostnfs/images/sub/img04_no_img.gif,귀금속,시계,그레이,회
F2019112000002668-1,https://www.lost112.go.kr/lostnfs/images/uploadImg/thumbnail/20191203/r_20191203100917952.jpg,휴대폰,LG휴대폰,블랙,검정
F2019112000001394-1,https://www.lost112.go.kr/lostnfs/images/uploadImg/thumbnail/20191120/r_20191120012641406.jpg,전자기기,카메라,블랙,검정
F2019112000001384-1,https://www.lost112.go.kr/lostnfs/images/uploadImg/thumbnail/20191120/r_20191120012057699.jpg,전자기기,카메라,블랙,검정
F2019112000001376-1,https://www.lost112.go.kr/lostnfs/images/uploadImg/thumbnail/20191120/r_20191120011751095.jpg,전자기기,카메라,화이트,흰
F2019112000001344-1,https://www.lost112.go.kr/lostnfs/images/uploadImg/thumbnail/20191120/r_20191120011308463.jpg,전자기기,기타용품,실버,은
F2019112000001316-1,https://www.lost112.go.kr/lostnfs/images/uploadImg/thumbnail/20191120/r_20191120011135297.jpg,지갑,남성용 지갑,블랙,검정
F2019112000001294-1,https://www.lost112.go.kr/lostnfs/images/uploadImg/thumbnail/20191120/r_20191120011005489.jpg,전자기기,기타용품,블랙,검정
F2019112000001174-1,https://www.lost112.go.kr/lostnfs/images/uploadImg/thumbnail/20191121/r_20191121032233834.jpg,기타물품,기타,코럴,산호
F2019112000001122-1,https://www.lost112.go.kr/lostnfs/images/uploadImg/thumbnail/20191120/r_20191120114023552.jpg,지갑,여성용 지갑,블랙,검정
F2019112000001104-1,https://www.lost112.go.kr/lostnfs/images/uploadImg/thumbnail/20191120/r_20191120113335459.jpg,지갑,남성용 지갑,블루,파랑
F2019112000001092-2,https://www.lost112.go.kr/lostnfs/images/uploadImg/thumbnail/20191120/r_20191120113404434.jpg,현금,현금,블루,파랑
F2019112000001092-1,https://www.lost112.go.kr/lostnfs/images/uploadImg/thumbnail/20191120/r_20191120113404434.jpg,지갑,여성용 지갑,블루,파랑
F2019112000001002-2,https://www.lost112.go.kr/lostnfs/images/uploadImg/thumbnail/20191120/r_20191120113322488.jpg,현금,현금,블루,파랑
F2019112000001002-1,https://www.lost112.go.kr/lostnfs/images/uploadImg/thumbnail/20191120/r_20191120113322488.jpg,지갑,기타 지갑,블루,파랑
F2019111900001485-1,https://www.lost112.go.kr/lostnfs/images/uploadImg/thumbnail/20191114/20191114055522984.JPG,지갑,기타 지갑,핑크,연한핑크
F2019111900001481-1,https://www.lost112.go.kr/lostnfs/images/uploadImg/thumbnail/20191114/20191114055126274.JPG,지갑,기타 지갑,블랙,검정
F2019111900001479-1,https://www.lost112.go.kr/lostnfs/images/uploadImg/thumbnail/20191114/20191114054928629.JPG,지갑,기타 지갑,올리브,녹갈
F2019111900001477-1,https://www.lost112.go.kr/lostnfs/images/uploadImg/thumbnail/20191114/20191114054753854.JPG,귀금속,반지,그레이,회
F2019111900001469-1,https://www.lost112.go.kr/lostnfs/images/uploadImg/thumbnail/20191114/20191114053959614.JPG,귀금속,반지,블랙,검정
F2019111900001465-1,https://www.lost112.go.kr/lostnfs/images/uploadImg/thumbnail/20191114/20191114053339553.JPG,지갑,기타 지갑,화이트,흰
F2019111900001463-1,https://www.lost112.go.kr/lostnfs/images/uploadImg/thumbnail/20191114/20191114053145671.JPG,지갑,기타 지갑,그레이,회
F2019111900001461-1,https://www.lost112.go.kr/lostnfs/images/uploadImg/thumbnail/20191114/20191114052840915.JPG,지갑,기타 지갑,로열블루,밝은남
F2019111900001455-1,https://www.lost112.go.kr/lostnfs/images/uploadImg/thumbnail/20191114/20191114052211254.JPG,지갑,남성용 지갑,블루바이올렛,남보라
F2019111900001145-2,https://www.lost112.go.kr/lostnfs/images/uploadImg/thumbnail/20191120/r_20191120103319090.jpg,현금,현금,화이트,흰
F2019111900001145-1,https://www.lost112.go.kr/lostnfs/images/uploadImg/thumbnail/20191120/r_20191120103319090.jpg,지갑,기타 지갑,브라운,갈
F2019111800002573-1,https://www.lost112.go.kr/lostnfs/images/uploadImg/thumbnail/20191118/r_20191118053933548.jpg,지갑,기타 지갑,레드,연한레드
F2019111800002557-1,https://www.lost112.go.kr/lostnfs/images/uploadImg/thumbnail/20191118/r_20191118053734685.jpg,지갑,기타 지갑,레드,연한빨강
F2019111800002165-1,https://www.lost112.go.kr/lostnfs/images/uploadImg/thumbnail/20191118/20191118041730607.jpg,휴대폰,삼성휴대폰,블랙,검정
F2019111600001880-1,https://www.lost112.go.kr/lostnfs/images/sub/img04_no_img.gif,기타물품,기타,코럴,산호
F2019111600001872-1,https://www.lost112.go.kr/lostnfs/images/uploadImg/thumbnail/20191118/r_20191118115927749.jpg,기타물품,기타,화이트,흰
F2019111600001868-1,https://www.lost112.go.kr/lostnfs/images/uploadImg/thumbnail/20191118/r_20191118115745572.jpg,기타물품,기타,화이트,흰
F2019111600001864-1,https://www.lost112.go.kr/lostnfs/images/uploadImg/thumbnail/20191118/r_20191118115820602.jpg,기타물품,기타,화이트,흰
F2019111600000915-1,https://www.lost112.go.kr/lostnfs/images/uploadImg/thumbnail/20191119/r_20191119021414373.jpg,지갑,남성용 지갑,에메랄드,선녹
F2019111500002285-1,https://www.lost112.go.kr/lostnfs/images/sub/img04_no_img.gif,기타물품,기타,블랙,검정
F2019111500001077-1,https://www.lost112.go.kr/lostnfs/images/sub/img04_no_img.gif,지갑,남성용 지갑,브라운,갈
F2019111500001065-1,https://www.lost112.go.kr/lostnfs/images/sub/img04_no_img.gif,컴퓨터,삼성노트북,화이트,흰
F2019111500000761-1,https://www.lost112.go.kr/lostnfs/images/sub/img04_no_img.gif,기타물품,기타,블랙,검정
F2019111500000703-1,https://www.lost112.go.kr/lostnfs/images/sub/img04_no_img.gif,지갑,남성용 지갑,코발트,짙은청록
V0002460E11150006-1,https://www.lost112.go.kr/lostnfs/images/uploadImg/thumbnail/20191115/20191115123207355.jpg,지갑,남성용 지갑,블랙,검정
V0002460E11150004-1,https://www.lost112.go.kr/lostnfs/images/uploadImg/thumbnail/20191115/20191115122909131.jpg,증명서,기타,엘로우,밝은노랑
F2019111400002940-1,https://www.lost112.go.kr/lostnfs/images/sub/img04_no_img.gif,귀금속,시계,그레이,회
F2019111400002485-1,https://www.lost112.go.kr/lostnfs/images/sub/img04_no_img.gif,유가증권,상품권,화이트,흰
F2019111400002481-1,https://www.lost112.go.kr/lostnfs/images/sub/img04_no_img.gif,유가증권,상품권,화이트,흰
F2019111400002694-1,https://www.lost112.go.kr/lostnfs/images/uploadImg/thumbnail/20191114/r_20191114052012230.jpg,지갑,남성용 지갑,브라운,갈
F2019111400002686-2,https://www.lost112.go.kr/lostnfs/images/uploadImg/thumbnail/20191114/r_20191114051659884.jpg,현금,현금,블랙,검정
F2019111400002686-1,https://www.lost112.go.kr/lostnfs/images/uploadImg/thumbnail/20191114/r_20191114051659884.jpg,지갑,기타 지갑,블랙,검정
F2019111400002380-1,https://www.lost112.go.kr/lostnfs/images/uploadImg/thumbnail/20191114/r_20191114050027896.jpg,휴대폰,아이폰,화이트,흰
F2019111400002374-1,https://www.lost112.go.kr/lostnfs/images/uploadImg/thumbnail/20191114/r_20191114045841630.jpg,휴대폰,아이폰,그레이,회
F2019111400002366-1,https://www.lost112.go.kr/lostnfs/images/uploadImg/thumbnail/20191114/r_20191114045458074.jpg,휴대폰,삼성휴대폰,블랙,검정
F2019111400002366-2,https://www.lost112.go.kr/lostnfs/images/uploadImg/thumbnail/20191114/r_20191114045458074.jpg,증명서,여권,화이트,흰
F2019111400002352-1,https://www.lost112.go.kr/lostnfs/images/uploadImg/thumbnail/20191114/r_20191114044642024.jpg,휴대폰,아이폰,화이트,흰
F2019111400002348-1,https://www.lost112.go.kr/lostnfs/images/uploadImg/thumbnail/20191114/r_20191114044542617.jpg,휴대폰,아이폰,레드,빨강
F2019111400002342-1,https://www.lost112.go.kr/lostnfs/images/uploadImg/thumbnail/20191114/r_20191114044339923.jpg,휴대폰,아이폰,레드,연한레드
F2019111400002302-1,https://www.lost112.go.kr/lostnfs/images/uploadImg/thumbnail/20191114/r_20191114042728890.jpg,휴대폰,삼성휴대폰,블랙,검정
F2019111400002286-1,https://www.lost112.go.kr/lostnfs/images/uploadImg/thumbnail/20191114/r_20191114042503457.jpg,휴대폰,기타통신기기,그린,초록
F2019111400001723-1,https://www.lost112.go.kr/lostnfs/images/uploadImg/thumbnail/20191114/r_20191114023325069.jpg,자동차,자동차열쇠,블랙,검정
F2019111400001723-2,https://www.lost112.go.kr/lostnfs/images/uploadImg/thumbnail/20191114/r_20191114023325069.jpg,자동차,자동차열쇠,블랙,검정
F2019111400001723-3,https://www.lost112.go.kr/lostnfs/images/uploadImg/thumbnail/20191114/r_20191114023325069.jpg,전자기기,기타용품,레드,연한레드
F2019111400000326-1,https://www.lost112.go.kr/lostnfs/images/sub/img04_no_img.gif,귀금속,목걸이,오렌지,선명한오렌지
F2019111400000322-1,https://www.lost112.go.kr/lostnfs/images/sub/img04_no_img.gif,귀금속,시계,그레이,회
F2019111300003023-3,https://www.lost112.go.kr/lostnfs/images/uploadImg/thumbnail/20191114/r_20191114012034153.jpg,지갑,기타 지갑,화이트,흰
F2019111300003023-2,https://www.lost112.go.kr/lostnfs/images/uploadImg/thumbnail/20191114/r_20191114012034153.jpg,현금,현금,화이트,흰
F2019111300003023-5,https://www.lost112.go.kr/lostnfs/images/uploadImg/thumbnail/20191114/r_20191114012034153.jpg,기타물품,기타,화이트,흰
F2019111300003023-4,https://www.lost112.go.kr/lostnfs/images/uploadImg/thumbnail/20191114/r_20191114012034153.jpg,유가증권,상품권,화이트,흰
F2019111300003023-1,https://www.lost112.go.kr/lostnfs/images/uploadImg/thumbnail/20191114/r_20191114012034153.jpg,지갑,기타 지갑,브라운,갈
F2019111300002100-1,https://www.lost112.go.kr/lostnfs/images/sub/img04_no_img.gif,귀금속,기타,오렌지,연한오렌지
F2019111300002096-1,https://www.lost112.go.kr/lostnfs/images/sub/img04_no_img.gif,귀금속,기타,그레이,회
F2019111200001752-1,https://www.lost112.go.kr/lostnfs/images/uploadImg/thumbnail/20191112/r_20191112042252594.jpg,지갑,기타 지갑,레드,빨강
F2019111200001750-1,https://www.lost112.go.kr/lostnfs/images/uploadImg/thumbnail/20191112/r_20191112042454392.jpg,지갑,기타 지갑,블랙,검정
F2019111200001738-1,https://www.lost112.go.kr/lostnfs/images/uploadImg/thumbnail/20191112/r_20191112042428773.jpg,지갑,기타 지갑,딥스카이블루,새파란하늘
F2019111200001736-1,https://www.lost112.go.kr/lostnfs/images/uploadImg/thumbnail/20191112/r_20191112042356510.jpg,지갑,기타 지갑,블랙,검정
F2019111200001722-1,https://www.lost112.go.kr/lostnfs/images/uploadImg/thumbnail/20191112/r_20191112042641558.jpg,지갑,기타 지갑,브라운,갈
F2019111200001718-1,https://www.lost112.go.kr/lostnfs/images/uploadImg/thumbnail/20191112/r_20191112042601859.jpg,지갑,기타 지갑,블랙,검정
F2019111100003339-1,https://www.lost112.go.kr/lostnfs/images/uploadImg/thumbnail/20191113/20191113031739675.jpg,지갑,남성용 지갑,그레이,회
F2019111100003241-1,https://www.lost112.go.kr/lostnfs/images/sub/img04_no_img.gif,휴대폰,삼성휴대폰,그레이,회
F2019111100002251-1,https://www.lost112.go.kr/lostnfs/images/uploadImg/thumbnail/20191113/r_20191113114849753.jpg,지갑,여성용 지갑,블랙,검정
F2019111100002209-1,https://www.lost112.go.kr/lostnfs/images/uploadImg/thumbnail/20191113/r_20191113102341216.jpg,지갑,남성용 지갑,그레이,회
F2019111100002203-1,https://www.lost112.go.kr/lostnfs/images/uploadImg/thumbnail/20191113/r_20191113102733211.jpg,지갑,남성용 지갑,블랙,검정
F2019111100002187-1,https://www.lost112.go.kr/lostnfs/images/uploadImg/thumbnail/20191111/r_20191111045313347.jpg,지갑,여성용 지갑,블랙,검정
F2019111100001545-1,https://www.lost112.go.kr/lostnfs/images/uploadImg/thumbnail/20191111/r_20191111012129656.jpg,지갑,남성용 지갑,블랙,검정
F2019111100001543-1,https://www.lost112.go.kr/lostnfs/images/uploadImg/thumbnail/20191111/r_20191111011741600.jpg,지갑,여성용 지갑,오렌지,선명한오렌지
F2019111100001533-1,https://www.lost112.go.kr/lostnfs/images/uploadImg/thumbnail/20191111/r_20191111011730176.jpg,휴대폰,삼성휴대폰,오렌지,연한오렌지
F2019111100001112-1,https://www.lost112.go.kr/lostnfs/images/sub/img04_no_img.gif,현금,현금,화이트,흰
F2019111100000910-1,https://www.lost112.go.kr/lostnfs/images/sub/img04_no_img.gif,현금,현금,화이트,흰
F2019111100000376-1,https://www.lost112.go.kr/lostnfs/images/sub/img04_no_img.gif,귀금속,시계,그레이,회
F2019111000000454-1,https://www.lost112.go.kr/lostnfs/images/sub/img04_no_img.gif,귀금속,목걸이,그레이,회
F2019110800001073-1,https://www.lost112.go.kr/lostnfs/images/sub/img04_no_img.gif,귀금속,기타,라이트그레이,옅은회
F2019110800001073-3,https://www.lost112.go.kr/lostnfs/images/uploadImg/thumbnail/20191108/20191108013253082.jpg,지갑,남성용 지갑,블랙,검정
F2019110800001073-2,https://www.lost112.go.kr/lostnfs/images/sub/img04_no_img.gif,귀금속,기타,브라운,갈
F2019110800000629-1,https://www.lost112.go.kr/lostnfs/images/uploadImg/thumbnail/20191108/r_20191108100759498.jpg,가방,기타가방,블랙,검정
F2019110800000629-2,https://www.lost112.go.kr/lostnfs/images/uploadImg/thumbnail/20191108/r_20191108100759498.jpg,전자기기,기타용품,블랙,검정
F2019110700003108-1,https://www.lost112.go.kr/lostnfs/images/uploadImg/thumbnail/20191107/20191107053004204.jpg,지갑,기타 지갑,블랙,검정
F2019110700002916-1,https://www.lost112.go.kr/lostnfs/images/uploadImg/thumbnail/20191126/r_20191126111721923.jpg,전자기기,기타용품,화이트,흰
