F2020042200001083-1,https://www.lost112.go.kr/lostnfs/images/sub/img04_no_img.gif,귀금속,반지,브라운,갈
F2020042200001003-1,https://www.lost112.go.kr/lostnfs/images/sub/img04_no_img.gif,귀금속,기타,브라운,갈
F2020042200000993-1,https://www.lost112.go.kr/lostnfs/images/sub/img04_no_img.gif,귀금속,기타,다크바이올렛,진보라
F2020042100002190-1,https://www.lost112.go.kr/lostnfs/images/sub/img04_no_img.gif,귀금속,반지,그레이,회
F2020042100002182-1,https://www.lost112.go.kr/lostnfs/images/sub/img04_no_img.gif,유가증권,상품권,화이트,흰
F2020042100002164-1,https://www.lost112.go.kr/lostnfs/images/sub/img04_no_img.gif,귀금속,기타,라이트그레이,옅은회
F2020042100002135-1,https://www.lost112.go.kr/lostnfs/images/uploadImg/thumbnail/20200324/20200324022251287.JPG,전자기기,기타용품,화이트,흰
F2020042100002133-1,https://www.lost112.go.kr/lostnfs/images/uploadImg/thumbnail/20200324/20200324022418451.JPG,전자기기,기타용품,화이트,흰
F2020042100002160-1,https://www.lost112.go.kr/lostnfs/images/sub/img04_no_img.gif,유가증권,상품권,화이트,흰
F2020042100002156-1,https://www.lost112.go.kr/lostnfs/images/sub/img04_no_img.gif,귀금속,반지,그레이,회
F2020042100002134-1,https://www.lost112.go.kr/lostnfs/images/sub/img04_no_img.gif,유가증권,상품권,그레이,회
F2020042100002126-1,https://www.lost112.go.kr/lostnfs/images/sub/img04_no_img.gif,귀금속,귀걸이,오렌지,연한오렌지
F2020042100002106-1,https://www.lost112.go.kr/lostnfs/images/sub/img04_no_img.gif,귀금속,귀걸이,코럴,산호
F2020042100002092-1,https://www.lost112.go.kr/lostnfs/images/sub/img04_no_img.gif,기타물품,기타,엘로우,밝은노랑
F2020042100002080-1,https://www.lost112.go.kr/lostnfs/images/sub/img04_no_img.gif,귀금속,반지,그레이,회
F2020042100002066-1,https://www.lost112.go.kr/lostnfs/images/sub/img04_no_img.gif,유가증권,상품권,화이트,흰
F2020042000002040-1,https://www.lost112.go.kr/lostnfs/images/sub/img04_no_img.gif,현금,현금,화이트,흰
F2020042000001308-1,https://www.lost112.go.kr/lostnfs/images/uploadImg/thumbnail/20200420/r_20200420024944959.jpg,의류,모자,핑크,연한핑크
F2020042000001306-1,https://www.lost112.go.kr/lostnfs/images/uploadImg/thumbnail/20200420/r_20200420024723287.jpg,의류,신발,블랙,검정
F2020042000001294-1,https://www.lost112.go.kr/lostnfs/images/uploadImg/thumbnail/20200420/r_20200420024904996.jpg,귀금속,반지,엘로우,노랑
F2020041700001165-1,https://www.lost112.go.kr/lostnfs/images/uploadImg/thumbnail/20200417/r_20200417022921146.jpg,귀금속,시계,블랙,검정
F2020041700000485-1,https://www.lost112.go.kr/lostnfs/images/uploadImg/thumbnail/20200422/r_20200422042300844.jpg,전자기기,기타용품,블랙,검정
F2020041400001930-1,https://www.lost112.go.kr/lostnfs/images/uploadImg/thumbnail/20200227/20200227103112193.jpg,휴대폰,아이폰,블랙,검정
F2020041400001874-1,https://www.lost112.go.kr/lostnfs/images/uploadImg/thumbnail/20200214/20200214035055240.jpg,휴대폰,아이폰,그레이,암회
F2020041400001870-1,https://www.lost112.go.kr/lostnfs/images/uploadImg/thumbnail/20200214/20200214035835427.jpg,휴대폰,아이폰,블랙,검정
F2020041400001854-1,https://www.lost112.go.kr/lostnfs/images/uploadImg/thumbnail/20200214/20200214040045967.jpg,휴대폰,기타통신기기,블랙,검정
F2020041400001848-1,https://www.lost112.go.kr/lostnfs/images/uploadImg/thumbnail/20200227/20200227102804205.jpg,휴대폰,삼성휴대폰,블랙,검정
F2020041400001569-1,https://www.lost112.go.kr/lostnfs/images/uploadImg/thumbnail/20200414/20200414030118189.jpg,지갑,기타 지갑,레드,연한빨강
F2020041400001551-1,https://www.lost112.go.kr/lostnfs/images/uploadImg/thumbnail/20200414/20200414025544459.jpg,지갑,남성용 지갑,블루,파랑
F2020041400001531-1,https://www.lost112.go.kr/lostnfs/images/uploadImg/thumbnail/20200414/20200414024633211.jpg,지갑,남성용 지갑,블랙,검정
F2020041400001060-1,https://www.lost112.go.kr/lostnfs/images/uploadImg/thumbnail/20200214/20200214035453383.jpg,지갑,기타 지갑,레드,연한레드
F2020041400000380-1,https://www.lost112.go.kr/lostnfs/images/uploadImg/thumbnail/20200214/20200214035156674.jpg,지갑,기타 지갑,레드,빨강
F2020041400000376-1,https://www.lost112.go.kr/lostnfs/images/uploadImg/thumbnail/20200214/20200214035751464.jpg,지갑,남성용 지갑,블루,파랑
F2020041400000348-1,https://www.lost112.go.kr/lostnfs/images/uploadImg/thumbnail/20200227/20200227104057681.jpg,지갑,기타 지갑,그레이,회
F2020041400000367-1,https://www.lost112.go.kr/lostnfs/images/uploadImg/thumbnail/20200214/20200214035554122.jpg,휴대폰,기타통신기기,씨그린,노르스름한녹
F2020041400000365-1,https://www.lost112.go.kr/lostnfs/images/uploadImg/thumbnail/20200214/20200214041026801.jpg,휴대폰,기타통신기기,화이트,흰
F2020041300001207-1,https://www.lost112.go.kr/lostnfs/images/uploadImg/thumbnail/20200214/20200214040553570.jpg,지갑,여성용 지갑,블랙,검정
F2020041300001183-1,https://www.lost112.go.kr/lostnfs/images/uploadImg/thumbnail/20200205/r_20200205101638907.jpg,가방,남성용가방,블랙,검정
F2020041300000708-1,https://www.lost112.go.kr/lostnfs/images/uploadImg/thumbnail/20200413/20200413110738650.jpg,지갑,기타 지갑,블랙,검정
F2020041300000341-1,https://www.lost112.go.kr/lostnfs/images/sub/img04_no_img.gif,귀금속,시계,그레이,회
F2020041300000339-1,https://www.lost112.go.kr/lostnfs/images/sub/img04_no_img.gif,귀금속,반지,그레이,회
F2020041300000321-1,https://www.lost112.go.kr/lostnfs/images/uploadImg/thumbnail/20200413/r_20200413091612376.jpg,자동차,자동차열쇠,블랙,검정
F2020041000003345-1,https://www.lost112.go.kr/lostnfs/images/uploadImg/thumbnail/20200410/20200410041426024.jpg,지갑,기타 지갑,엘로우,노랑
F2020041000002881-1,https://www.lost112.go.kr/lostnfs/images/uploadImg/thumbnail/20200410/r_20200410023925271.jpg,증명서,기타,화이트,흰
F2020041000002877-1,https://www.lost112.go.kr/lostnfs/images/uploadImg/thumbnail/20200410/r_20200410023847051.jpg,지갑,남성용 지갑,코럴,산호
F2020041000002873-1,https://www.lost112.go.kr/lostnfs/images/uploadImg/thumbnail/20200410/r_20200410023901043.jpg,지갑,여성용 지갑,피치오렌지,오렌지
F2020041000002869-1,https://www.lost112.go.kr/lostnfs/images/uploadImg/thumbnail/20200410/r_20200410024010201.jpg,가방,여성용가방,블랙,검정
F2020040900001679-1,https://www.lost112.go.kr/lostnfs/images/sub/img04_no_img.gif,귀금속,반지,엘로우,밝은노랑
F2020040900000630-1,https://www.lost112.go.kr/lostnfs/images/uploadImg/thumbnail/20200304/20200304045017142.jpg,카드,신용(체크)카드,라이트그레이,옅은회
F2020040900000628-1,https://www.lost112.go.kr/lostnfs/images/uploadImg/thumbnail/20200304/20200304045749671.jpg,카드,신용(체크)카드,화이트,흰
F2020040900000626-1,https://www.lost112.go.kr/lostnfs/images/uploadImg/thumbnail/20200304/20200304045907369.jpg,카드,신용(체크)카드,그레이,회
F2020040900000624-1,https://www.lost112.go.kr/lostnfs/images/uploadImg/thumbnail/20200304/20200304050219233.jpg,카드,신용(체크)카드,화이트,흰
F2020040900000612-1,https://www.lost112.go.kr/lostnfs/images/uploadImg/thumbnail/20200304/20200304050452785.jpg,카드,신용(체크)카드,그레이,회
F2020040900000610-1,https://www.lost112.go.kr/lostnfs/images/uploadImg/thumbnail/20200304/20200304050739606.jpg,카드,신용(체크)카드,알리자린,홍
F2020040900000606-1,https://www.lost112.go.kr/lostnfs/images/uploadImg/thumbnail/20200304/20200304051055792.jpg,카드,신용(체크)카드,그레이,회
F2020040900000604-1,https://www.lost112.go.kr/lostnfs/images/uploadImg/thumbnail/20200304/20200304051002531.jpg,카드,신용(체크)카드,엘로우,노랑
F2020040900000602-1,https://www.lost112.go.kr/lostnfs/images/uploadImg/thumbnail/20200304/20200304050554415.jpg,카드,신용(체크)카드,코럴,산호
F2020040900000600-1,https://www.lost112.go.kr/lostnfs/images/uploadImg/thumbnail/20200304/20200304050821972.jpg,카드,기타카드,화이트,흰
F2020040900000596-1,https://www.lost112.go.kr/lostnfs/images/uploadImg/thumbnail/20200304/20200304050002771.jpg,카드,신용(체크)카드,코발트,짙은청록
F2020040900000594-1,https://www.lost112.go.kr/lostnfs/images/uploadImg/thumbnail/20200304/20200304045634208.jpg,카드,신용(체크)카드,화이트,흰
F2020040900000592-1,https://www.lost112.go.kr/lostnfs/images/uploadImg/thumbnail/20200304/20200304044813576.jpg,카드,신용(체크)카드,화이트,흰
F2020040900000590-1,https://www.lost112.go.kr/lostnfs/images/uploadImg/thumbnail/20200304/20200304044641304.jpg,카드,기타카드,그레이,회
F2020040900000588-1,https://www.lost112.go.kr/lostnfs/images/uploadImg/thumbnail/20200304/20200304044514324.jpg,카드,신용(체크)카드,코발트,짙은청록
F2020040800001786-1,https://www.lost112.go.kr/lostnfs/images/uploadImg/thumbnail/20200311/20200311110529066.jpeg,의류,남성의류,그레이,회
F2020040800001784-1,https://www.lost112.go.kr/lostnfs/images/uploadImg/thumbnail/20200311/20200311110704470.jpg,기타물품,기타,그레이,회
F2020040800001782-1,https://www.lost112.go.kr/lostnfs/images/uploadImg/thumbnail/20200311/20200311110830452.jpg,의류,기타의류,샤르트뢰즈,역녹
F2020040800001780-1,https://www.lost112.go.kr/lostnfs/images/uploadImg/thumbnail/20200311/20200311110926094.jpeg,의류,여성의류,샤르트뢰즈,역녹
F2020040800001778-1,https://www.lost112.go.kr/lostnfs/images/uploadImg/thumbnail/20200311/20200311111126514.jpg,귀금속,안경,레드,빨강
F2020040800001772-1,https://www.lost112.go.kr/lostnfs/images/uploadImg/thumbnail/20200311/20200311111420330.jpg,자동차,자동차열쇠,그레이,회
F2020040800001770-1,https://www.lost112.go.kr/lostnfs/images/uploadImg/thumbnail/20200311/20200311111550164.jpg,기타물품,기타,브라운,갈
F2020040800001768-1,https://www.lost112.go.kr/lostnfs/images/uploadImg/thumbnail/20200311/20200311111649294.jpg,의류,모자,블랙,검정
F2020040800001764-1,https://www.lost112.go.kr/lostnfs/images/uploadImg/thumbnail/20200311/20200311111845379.jpg,기타물품,기타,마젠타,자홍
F2020040800001746-1,https://www.lost112.go.kr/lostnfs/images/uploadImg/thumbnail/20200311/20200311112057054.jpeg,기타물품,기타,화이트,흰
F2020040800001744-1,https://www.lost112.go.kr/lostnfs/images/uploadImg/thumbnail/20200311/20200311112219885.jpeg,기타물품,기타,오렌지,연한오렌지
F2020040800001730-1,https://www.lost112.go.kr/lostnfs/images/uploadImg/thumbnail/20200408/r_20200408041014841.jpg,휴대폰,아이폰,퓨시아,자홍
F2020040800001728-1,https://www.lost112.go.kr/lostnfs/images/uploadImg/thumbnail/20200311/20200311112624123.jpg,기타물품,기타,블랙,검정
F2020040800001716-1,https://www.lost112.go.kr/lostnfs/images/uploadImg/thumbnail/20200311/20200311112837168.jpg,지갑,기타 지갑,블랙,검정
F2020040800001708-1,https://www.lost112.go.kr/lostnfs/images/uploadImg/thumbnail/20200413/r_20200413021138260.jpg,휴대폰,삼성휴대폰,블랙,검정
F2020040800000357-2,https://www.lost112.go.kr/lostnfs/images/uploadImg/thumbnail/20200408/20200408100700807.JPG,휴대폰,삼성휴대폰,딥스카이블루,새파란하늘
F2020040600002333-1,https://www.lost112.go.kr/lostnfs/images/sub/img04_no_img.gif,전자기기,기타용품,블랙,검정
F2020040600002454-1,https://www.lost112.go.kr/lostnfs/images/sub/img04_no_img.gif,귀금속,기타,화이트,흰
F2020040400000603-1,https://www.lost112.go.kr/lostnfs/images/uploadImg/thumbnail/20200404/r_20200404013922523.jpg,휴대폰,아이폰,그레이,회
F2020040400000464-1,https://www.lost112.go.kr/lostnfs/images/uploadImg/thumbnail/20200404/20200404115333967.jpg,지갑,여성용 지갑,블랙,검정
F2020040300002114-1,https://www.lost112.go.kr/lostnfs/images/sub/img04_no_img.gif,전자기기,기타용품,블랙,검정
F2020040300002179-1,https://www.lost112.go.kr/lostnfs/images/sub/img04_no_img.gif,전자기기,기타용품,화이트,흰
F2020040300001800-1,https://www.lost112.go.kr/lostnfs/images/uploadImg/thumbnail/20200204/20200204111006211.jpg,가방,기타가방,블랙,검정
F2020040300001758-1,https://www.lost112.go.kr/lostnfs/images/sub/img04_no_img.gif,의류,남성의류,그레이,회
F2020040300001756-1,https://www.lost112.go.kr/lostnfs/images/sub/img04_no_img.gif,귀금속,시계,라이트그레이,옅은회
F2020040300001754-1,https://www.lost112.go.kr/lostnfs/images/uploadImg/thumbnail/20200213/20200213020545927.jpg,쇼핑백,쇼핑백,화이트,흰
F2020040300001752-1,https://www.lost112.go.kr/lostnfs/images/sub/img04_no_img.gif,기타물품,기타,피치오렌지,오렌지
F2020040300000455-1,https://www.lost112.go.kr/lostnfs/images/sub/img04_no_img.gif,전자기기,기타용품,화이트,흰
F2020040300000451-1,https://www.lost112.go.kr/lostnfs/images/sub/img04_no_img.gif,귀금속,반지,실버,은
F2020040300000445-1,https://www.lost112.go.kr/lostnfs/images/sub/img04_no_img.gif,귀금속,시계,실버,은
F2020040300000441-1,https://www.lost112.go.kr/lostnfs/images/sub/img04_no_img.gif,귀금속,반지,다크오렌지,어두운오렌지
F2020040300000439-1,https://www.lost112.go.kr/lostnfs/images/sub/img04_no_img.gif,귀금속,목걸이,다크오렌지,어두운오렌지
F2020040300000413-1,https://www.lost112.go.kr/lostnfs/images/sub/img04_no_img.gif,귀금속,반지,실버,은
F2020040100001651-1,https://www.lost112.go.kr/lostnfs/images/sub/img04_no_img.gif,현금,현금,화이트,흰
F2020040100000084-1,https://www.lost112.go.kr/lostnfs/images/uploadImg/thumbnail/20200210/20200210015104998.JPG,가방,기타가방,코발트,짙은청록
F2020040100000082-1,https://www.lost112.go.kr/lostnfs/images/uploadImg/thumbnail/20200210/20200210015138697.JPG,휴대폰,삼성휴대폰,블랙,검정
F2020040100000070-1,https://www.lost112.go.kr/lostnfs/images/uploadImg/thumbnail/20200212/20200212012943940.JPG,지갑,여성용 지갑,블랙,검정
F2020040100000066-1,https://www.lost112.go.kr/lostnfs/images/uploadImg/thumbnail/20200214/20200214021307189.JPG,기타물품,기타,다크레드,진빨강
F2020040100000044-1,https://www.lost112.go.kr/lostnfs/images/uploadImg/thumbnail/20200220/20200220013610457.JPG,지갑,남성용 지갑,블랙,검정
F2020033100001357-1,https://www.lost112.go.kr/lostnfs/images/uploadImg/thumbnail/20200331/r_20200331020157677.jpg,지갑,남성용 지갑,블랙,검정
F2020033100000677-1,https://www.lost112.go.kr/lostnfs/images/sub/img04_no_img.gif,귀금속,반지,코럴,산호
F2020033000002467-1,https://www.lost112.go.kr/lostnfs/images/uploadImg/thumbnail/20200330/r_20200330074234236.jpg,지갑,남성용 지갑,브라운,갈
F2020033000002467-3,https://www.lost112.go.kr/lostnfs/images/uploadImg/thumbnail/20200330/r_20200330074234236.jpg,현금,외화,화이트,흰
F2020033000002467-2,https://www.lost112.go.kr/lostnfs/images/uploadImg/thumbnail/20200330/r_20200330074234236.jpg,현금,현금,화이트,흰
F2020033000002423-1,https://www.lost112.go.kr/lostnfs/images/uploadImg/thumbnail/20200330/r_20200330072839896.jpg,지갑,남성용 지갑,브라운,갈
F2020033000002423-2,https://www.lost112.go.kr/lostnfs/images/uploadImg/thumbnail/20200330/r_20200330072839896.jpg,현금,현금,화이트,흰
F2020033000002357-2,https://www.lost112.go.kr/lostnfs/images/uploadImg/thumbnail/20200330/r_20200330072728420.jpg,현금,현금,화이트,흰
F2020033000002357-1,https://www.lost112.go.kr/lostnfs/images/uploadImg/thumbnail/20200330/r_20200330072728420.jpg,지갑,여성용 지갑,블랙,검정
F2020033000001863-1,https://www.lost112.go.kr/lostnfs/images/sub/img04_no_img.gif,귀금속,반지,오렌지,선명한오렌지
F2020033000000820-1,https://www.lost112.go.kr/lostnfs/images/uploadImg/thumbnail/20200330/r_20200330125321361.jpg,지갑,기타 지갑,블루,파랑
F2020033000000810-1,https://www.lost112.go.kr/lostnfs/images/uploadImg/thumbnail/20200330/r_20200330125506940.jpg,지갑,기타 지갑,오렌지,선명한오렌지
F2020033000000806-1,https://www.lost112.go.kr/lostnfs/images/uploadImg/thumbnail/20200330/r_20200330125618980.jpg,지갑,기타 지갑,블랙,검정
F2020033000000804-1,https://www.lost112.go.kr/lostnfs/images/uploadImg/thumbnail/20200330/r_20200330125706680.jpg,지갑,기타 지갑,블랙,검정
F2020033000000786-1,https://www.lost112.go.kr/lostnfs/images/uploadImg/thumbnail/20200330/r_20200330125746852.jpg,지갑,기타 지갑,블랙,검정
F2020033000000613-1,https://www.lost112.go.kr/lostnfs/images/uploadImg/thumbnail/20200330/r_20200330111039313.jpg,가방,여성용가방,샤르트뢰즈,역녹
F2020033000000605-1,https://www.lost112.go.kr/lostnfs/images/uploadImg/thumbnail/20200330/r_20200330110633570.jpg,가방,여성용가방,화이트,흰
V0001896F03270032-1,https://www.lost112.go.kr/lostnfs/images/uploadImg/thumbnail/20200327/20200327051822759.jpg,전자기기,기타용품,블랙,검정
F2020032500001776-1,https://www.lost112.go.kr/lostnfs/images/uploadImg/thumbnail/20200325/20200325032911667.jpg,지갑,기타 지갑,그레이,회
F2020032400001125-1,https://www.lost112.go.kr/lostnfs/images/uploadImg/thumbnail/20200221/20200221094755497.jpg,지갑,기타 지갑,블랙,검정
F2020032400000857-1,https://www.lost112.go.kr/lostnfs/images/uploadImg/thumbnail/20200324/20200324023604246.jpg,가방,기타가방,블루,파랑
F2020032400000855-1,https://www.lost112.go.kr/lostnfs/images/uploadImg/thumbnail/20200324/20200324023504715.jpg,쇼핑백,쇼핑백,블랙,검정
F2020032400000853-1,https://www.lost112.go.kr/lostnfs/images/uploadImg/thumbnail/20200324/20200324023414372.jpg,의류,기타의류,블루,파랑
F2020032400000851-1,https://www.lost112.go.kr/lostnfs/images/uploadImg/thumbnail/20200324/20200324022950427.jpg,쇼핑백,쇼핑백,화이트,흰
F2020032400000849-1,https://www.lost112.go.kr/lostnfs/images/uploadImg/thumbnail/20200324/20200324022825490.jpg,쇼핑백,쇼핑백,블랙,검정
F2020032400000847-1,https://www.lost112.go.kr/lostnfs/images/uploadImg/thumbnail/20200324/20200324022657506.jpg,가방,남성용가방,블랙,검정
F2020032400000845-1,https://www.lost112.go.kr/lostnfs/images/uploadImg/thumbnail/20200324/20200324022505730.jpg,쇼핑백,쇼핑백,엘로우,밝은노랑
F2020032300002001-1,https://www.lost112.go.kr/lostnfs/images/uploadImg/thumbnail/20200324/r_20200324014043291.jpg,가방,기타가방,그레이,회
F2020032200000434-1,https://www.lost112.go.kr/lostnfs/images/uploadImg/thumbnail/20200323/r_20200323051726694.jpg,휴대폰,삼성휴대폰,블랙,검정
F2020032000001493-1,https://www.lost112.go.kr/lostnfs/images/uploadImg/thumbnail/20200323/r_20200323100716275.jpg,전자기기,기타용품,화이트,흰
F2020032000001433-1,https://www.lost112.go.kr/lostnfs/images/uploadImg/thumbnail/20200323/r_20200323100854928.jpg,지갑,기타 지갑,화이트,흰
F2020032000001333-1,https://www.lost112.go.kr/lostnfs/images/uploadImg/thumbnail/20200323/r_20200323100756853.jpg,전자기기,기타용품,화이트,흰
F2020032000001215-1,https://www.lost112.go.kr/lostnfs/images/uploadImg/thumbnail/20200320/r_20200320034515105.jpg,휴대폰,LG휴대폰,화이트,흰
F2020032000001124-1,https://www.lost112.go.kr/lostnfs/images/uploadImg/thumbnail/20200320/r_20200320015834442.jpg,지갑,기타 지갑,코럴,산호
F2020032000001092-1,https://www.lost112.go.kr/lostnfs/images/uploadImg/thumbnail/20200320/r_20200320015722227.jpg,지갑,기타 지갑,블랙,검정
F2020032000000971-1,https://www.lost112.go.kr/lostnfs/images/uploadImg/thumbnail/20200320/r_20200320021614655.jpg,가방,기타가방,코럴,산호
F2020032000000872-1,https://www.lost112.go.kr/lostnfs/images/uploadImg/thumbnail/20200320/20200320015129909.JPG,쇼핑백,쇼핑백,라임그린,어두운청록
F2020032000000870-1,https://www.lost112.go.kr/lostnfs/images/uploadImg/thumbnail/20200216/20200216051401091.jpg,기타물품,기타,그레이,회
F2020032000000868-1,https://www.lost112.go.kr/lostnfs/images/uploadImg/thumbnail/20200320/20200320015052368.JPG,기타물품,기타,핑크,분홍
F2020032000000862-1,https://www.lost112.go.kr/lostnfs/images/uploadImg/thumbnail/20200320/20200320015018259.JPG,의류,남성의류,로열블루,밝은남
F2020032000000891-1,https://www.lost112.go.kr/lostnfs/images/uploadImg/thumbnail/20200320/r_20200320022856831.jpg,가방,기타가방,레드,연한빨강
F2020032000000873-1,https://www.lost112.go.kr/lostnfs/images/sub/img04_no_img.gif,귀금속,반지,오렌지,선명한오렌지
F2020032000000855-1,https://www.lost112.go.kr/lostnfs/images/uploadImg/thumbnail/20200320/r_20200320011947868.jpg,지갑,남성용 지갑,코럴,산호
F2020032000000425-1,https://www.lost112.go.kr/lostnfs/images/uploadImg/thumbnail/20200320/r_20200320104711387.jpg,쇼핑백,쇼핑백,피치오렌지,오렌지
F2020031900002405-2,https://www.lost112.go.kr/lostnfs/images/uploadImg/thumbnail/20200319/r_20200319062252429.jpg,자동차,자동차열쇠,블랙,검정
F2020031900002405-1,https://www.lost112.go.kr/lostnfs/images/sub/img04_no_img.gif,귀금속,반지,블랙,검정
F2020031900002405-3,https://www.lost112.go.kr/lostnfs/images/uploadImg/thumbnail/20200319/r_20200319062252429.jpg,자동차,자동차열쇠,블랙,검정
F2020031900002405-4,https://www.lost112.go.kr/lostnfs/images/uploadImg/thumbnail/20200319/r_20200319062252429.jpg,기타물품,기타,화이트,흰
F2020031900002405-5,https://www.lost112.go.kr/lostnfs/images/uploadImg/thumbnail/20200319/r_20200319062252429.jpg,귀금속,기타,엘로우,노랑
F2020031900002361-1,https://www.lost112.go.kr/lostnfs/images/uploadImg/thumbnail/20200320/r_20200320025054958.jpg,가방,남성용가방,블랙,검정
F2020031900002355-1,https://www.lost112.go.kr/lostnfs/images/uploadImg/thumbnail/20200320/r_20200320024944651.jpg,쇼핑백,쇼핑백,화이트,흰
F2020031900002261-1,https://www.lost112.go.kr/lostnfs/images/uploadImg/thumbnail/20200320/r_20200320024650285.jpg,쇼핑백,쇼핑백,다크오렌지,어두운오렌지
F2020031900001026-1,https://www.lost112.go.kr/lostnfs/images/uploadImg/thumbnail/20200319/r_20200319024050321.jpg,지갑,기타 지갑,에메랄드,선녹
F2020031900000964-1,https://www.lost112.go.kr/lostnfs/images/sub/img04_no_img.gif,귀금속,목걸이,피치오렌지,오렌지
F2020031900000960-1,https://www.lost112.go.kr/lostnfs/images/sub/img04_no_img.gif,귀금속,시계,피치오렌지,오렌지
F2020031900000946-1,https://www.lost112.go.kr/lostnfs/images/sub/img04_no_img.gif,귀금속,반지,실버,은
F2020031900000760-1,https://www.lost112.go.kr/lostnfs/images/sub/img04_no_img.gif,의류,기타의류,그레이,회
F2020031900000760-2,https://www.lost112.go.kr/lostnfs/images/sub/img04_no_img.gif,귀금속,반지,그레이,회
F2020031900000416-1,https://www.lost112.go.kr/lostnfs/images/uploadImg/thumbnail/20200319/r_20200319112325583.jpg,휴대폰,삼성휴대폰,다크핑크,진분홍
F2020031900000663-1,https://www.lost112.go.kr/lostnfs/images/uploadImg/thumbnail/20200310/20200310043411678.JPG,지갑,기타 지갑,블랙,검정
F2020031900000657-1,https://www.lost112.go.kr/lostnfs/images/uploadImg/thumbnail/20200220/20200220101539049.jpg,휴대폰,LG휴대폰,화이트,흰
F2020031900000647-1,https://www.lost112.go.kr/lostnfs/images/uploadImg/thumbnail/20200312/20200312025554539.JPG,가방,남성용가방,블랙,검정
F2020031900000645-1,https://www.lost112.go.kr/lostnfs/images/uploadImg/thumbnail/20200203/20200203011221708.jpg,지갑,여성용 지갑,로열블루,밝은남
F2020031900000643-1,https://www.lost112.go.kr/lostnfs/images/uploadImg/thumbnail/20200211/20200211040950039.jpg,휴대폰,LG휴대폰,레드,빨강
F2020031900000641-1,https://www.lost112.go.kr/lostnfs/images/uploadImg/thumbnail/20200211/20200211041221925.jpg,휴대폰,LG휴대폰,블랙,검정
F2020031800001886-1,https://www.lost112.go.kr/lostnfs/images/uploadImg/thumbnail/20200318/20200318042438252.jpg,귀금속,시계,블랙,검정
F2020031800001878-1,https://www.lost112.go.kr/lostnfs/images/uploadImg/thumbnail/20200318/20200318042258418.jpg,전자기기,기타용품,블랙,검정
F2020031800001826-1,https://www.lost112.go.kr/lostnfs/images/sub/img04_no_img.gif,전자기기,기타용품,화이트,흰
F2020031800000958-1,https://www.lost112.go.kr/lostnfs/images/uploadImg/thumbnail/20200318/20200318013927800.jpg,지갑,기타 지갑,핑크,선명한분홍
F2020031700001944-1,https://www.lost112.go.kr/lostnfs/images/uploadImg/thumbnail/20200319/20200319100010746.jpg,지갑,기타 지갑,시안,청록
F2020031700001151-1,https://www.lost112.go.kr/lostnfs/images/uploadImg/thumbnail/20200222/r_20200222023142057.jpg,가방,여성용가방,그레이,회
F2020031700001149-1,https://www.lost112.go.kr/lostnfs/images/uploadImg/thumbnail/20200222/r_20200222055034352.jpg,가방,기타가방,블랙,검정
F2020031700001147-1,https://www.lost112.go.kr/lostnfs/images/uploadImg/thumbnail/20200211/r_20200211111659776.jpg,기타물품,기타,올리브,녹갈
F2020031700001133-1,https://www.lost112.go.kr/lostnfs/images/uploadImg/thumbnail/20200221/r_20200221115501168.jpg,귀금속,안경,블랙,검정
F2020031700001131-1,https://www.lost112.go.kr/lostnfs/images/uploadImg/thumbnail/20200221/r_20200221114318659.jpg,가방,남성용가방,그레이,회
F2020031700001129-1,https://www.lost112.go.kr/lostnfs/images/uploadImg/thumbnail/20200220/r_20200220085418119.jpg,쇼핑백,쇼핑백,화이트,흰
F2020031700001127-1,https://www.lost112.go.kr/lostnfs/images/uploadImg/thumbnail/20200218/r_20200218092159370.jpg,기타물품,기타,화이트,흰
F2020031700001125-1,https://www.lost112.go.kr/lostnfs/images/uploadImg/thumbnail/20200217/r_20200217070658164.jpg,쇼핑백,쇼핑백,엘로우,밝은노랑
F2020031700001121-1,https://www.lost112.go.kr/lostnfs/images/uploadImg/thumbnail/20200214/r_20200214084702487.jpg,귀금속,안경,핑크,연한핑크
F2020031700001119-1,https://www.lost112.go.kr/lostnfs/images/uploadImg/thumbnail/20200212/r_20200212115301173.jpg,가방,기타가방,오렌지,연한오렌지
F2020031700001117-1,https://www.lost112.go.kr/lostnfs/images/uploadImg/thumbnail/20200212/r_20200212105551434.jpg,가방,남성용가방,브라운,갈
F2020031700001115-1,https://www.lost112.go.kr/lostnfs/images/uploadImg/thumbnail/20200212/r_20200212123046731.jpg,의류,모자,딥스카이블루,새파란하늘
F2020031700001113-1,https://www.lost112.go.kr/lostnfs/images/uploadImg/thumbnail/20200210/r_20200210100510889.jpg,기타물품,기타,엘로우,밝은노랑
F2020031700001111-1,https://www.lost112.go.kr/lostnfs/images/uploadImg/thumbnail/20200203/r_20200203114701240.jpg,의류,기타의류,블랙,검정
F2020031700001672-1,https://www.lost112.go.kr/lostnfs/images/uploadImg/thumbnail/20200318/r_20200318025448535.jpg,휴대폰,삼성휴대폰,블랙,검정
F2020031700001049-1,https://www.lost112.go.kr/lostnfs/images/uploadImg/thumbnail/20200211/r_20200211112905428.jpg,기타물품,기타,블랙,검정
F2020031700001047-1,https://www.lost112.go.kr/lostnfs/images/uploadImg/thumbnail/20200210/r_20200210095954992.jpg,쇼핑백,쇼핑백,화이트,흰
F2020031700001045-1,https://www.lost112.go.kr/lostnfs/images/uploadImg/thumbnail/20200204/r_20200204084756426.jpg,가방,남성용가방,브라운,갈
F2020031700001043-1,https://www.lost112.go.kr/lostnfs/images/uploadImg/thumbnail/20200204/r_20200204053203626.jpg,쇼핑백,쇼핑백,엘로우,노랑
F2020031700001041-1,https://www.lost112.go.kr/lostnfs/images/uploadImg/thumbnail/20200203/r_20200203113721208.jpg,가방,남성용가방,블루바이올렛,남보라
F2020031700001035-1,https://www.lost112.go.kr/lostnfs/images/uploadImg/thumbnail/20200205/r_20200205072037947.jpg,가방,여성용가방,다크오렌지,어두운오렌지
F2020031700001033-1,https://www.lost112.go.kr/lostnfs/images/uploadImg/thumbnail/20200205/r_20200205052649367.jpg,가방,남성용가방,코발트,짙은청록
F2020031700001031-1,https://www.lost112.go.kr/lostnfs/images/uploadImg/thumbnail/20200208/r_20200208094450778.jpg,전자기기,기타용품,블랙,검정
F2020031700001029-1,https://www.lost112.go.kr/lostnfs/images/uploadImg/thumbnail/20200208/r_20200208084104846.jpg,가방,여성용가방,로열블루,밝은남
F2020031700000805-1,https://www.lost112.go.kr/lostnfs/images/uploadImg/thumbnail/20200317/r_20200317015547072.jpg,지갑,남성용 지갑,블랙,검정
F2020031700001106-1,https://www.lost112.go.kr/lostnfs/images/uploadImg/thumbnail/20200214/20200214101735671.JPG,귀금속,목걸이,엘로우,밝은노랑
F2020031700001102-1,https://www.lost112.go.kr/lostnfs/images/uploadImg/thumbnail/20200207/r_20200207022632577.jpg,의류,남성의류,블루,파랑
F2020031700001098-1,https://www.lost112.go.kr/lostnfs/images/uploadImg/thumbnail/20200207/r_20200207022603780.jpg,귀금속,안경,브라운,갈
F2020031700001090-1,https://www.lost112.go.kr/lostnfs/images/uploadImg/thumbnail/20200205/20200205052129104.jpg,지갑,여성용 지갑,블루바이올렛,남보라
F2020031700001088-1,https://www.lost112.go.kr/lostnfs/images/uploadImg/thumbnail/20200210/20200210082959052.jpg,기타물품,기타,브라운,갈
F2020031700001086-1,https://www.lost112.go.kr/lostnfs/images/uploadImg/thumbnail/20200210/20200210082959052.jpg,기타물품,기타,브라운,갈
F2020031700001084-1,https://www.lost112.go.kr/lostnfs/images/uploadImg/thumbnail/20200214/20200214091147031.jpg,가방,기타가방,올리브,녹갈
F2020031700001082-1,https://www.lost112.go.kr/lostnfs/images/uploadImg/thumbnail/20200214/20200214091147031.jpg,가방,기타가방,올리브,녹갈
F2020031700001068-1,https://www.lost112.go.kr/lostnfs/images/uploadImg/thumbnail/20200206/20200206090631585.jpg,의류,기타의류,그레이,회
F2020031700001066-1,https://www.lost112.go.kr/lostnfs/images/uploadImg/thumbnail/20200212/20200212082152137.jpg,가방,남성용가방,브라운,갈
F2020031700001064-1,https://www.lost112.go.kr/lostnfs/images/uploadImg/thumbnail/20200212/20200212082520747.jpg,가방,남성용가방,코발트,짙은청록
F2020031700001062-1,https://www.lost112.go.kr/lostnfs/images/uploadImg/thumbnail/20200212/20200212082610898.jpg,가방,남성용가방,다크시안,어두운청록
F2020031700000267-1,https://www.lost112.go.kr/lostnfs/images/uploadImg/thumbnail/20200317/r_20200317101303245.jpg,휴대폰,삼성휴대폰,블루,파랑
F2020031600001556-1,https://www.lost112.go.kr/lostnfs/images/uploadImg/thumbnail/20200220/r_20200220062914478.jpg,가방,남성용가방,블루,파랑
F2020031600001673-1,https://www.lost112.go.kr/lostnfs/images/uploadImg/thumbnail/20200401/r_20200401111144963.jpg,귀금속,시계,블랙,검정
F2020031600001641-1,https://www.lost112.go.kr/lostnfs/images/uploadImg/thumbnail/20200316/r_20200316032932364.jpg,지갑,기타 지갑,블랙,검정
F2020031600001402-1,https://www.lost112.go.kr/lostnfs/images/sub/img04_no_img.gif,귀금속,기타,엘로우,노랑
F2020031600001398-1,https://www.lost112.go.kr/lostnfs/images/sub/img04_no_img.gif,휴대폰,아이폰,레드,연한레드
F2020031600001394-1,https://www.lost112.go.kr/lostnfs/images/sub/img04_no_img.gif,귀금속,반지,엘로우,노랑
F2020031600001390-1,https://www.lost112.go.kr/lostnfs/images/uploadImg/thumbnail/20200226/20200226032940994.jpg,쇼핑백,쇼핑백,코럴,산호
F2020031600001388-1,https://www.lost112.go.kr/lostnfs/images/uploadImg/thumbnail/20200226/20200226033124376.jpg,서류,서류,화이트,흰
F2020031600001386-1,https://www.lost112.go.kr/lostnfs/images/uploadImg/thumbnail/20200226/20200226033424677.jpg,전자기기,기타용품,블랙,검정
F2020031600001384-1,https://www.lost112.go.kr/lostnfs/images/uploadImg/thumbnail/20200226/20200226033600771.jpg,기타물품,기타,블루,파랑
F2020031600001382-1,https://www.lost112.go.kr/lostnfs/images/uploadImg/thumbnail/20200226/20200226033805484.jpg,전자기기,기타용품,블랙,검정
F2020031600001380-1,https://www.lost112.go.kr/lostnfs/images/uploadImg/thumbnail/20200226/20200226033922382.jpg,지갑,기타 지갑,브라운,갈
F2020031600001378-1,https://www.lost112.go.kr/lostnfs/images/uploadImg/thumbnail/20200226/20200226034052271.jpg,쇼핑백,쇼핑백,블루바이올렛,남보라
F2020031600001376-1,https://www.lost112.go.kr/lostnfs/images/uploadImg/thumbnail/20200226/20200226034557443.jpg,귀금속,안경,다크레드,진빨강
F2020031600001374-1,https://www.lost112.go.kr/lostnfs/images/uploadImg/thumbnail/20200226/20200226034822818.jpg,쇼핑백,쇼핑백,다크레드,진빨강
F2020031600001372-1,https://www.lost112.go.kr/lostnfs/images/uploadImg/thumbnail/20200226/20200226035009234.jpg,쇼핑백,쇼핑백,코럴,산호
F2020031600001368-1,https://www.lost112.go.kr/lostnfs/images/uploadImg/thumbnail/20200305/20200305025839562.jpg,기타물품,기타,화이트,흰
F2020031600001519-1,https://www.lost112.go.kr/lostnfs/images/uploadImg/thumbnail/20200316/r_20200316031324008.jpg,가방,기타가방,블랙,검정
F2020031600001507-1,https://www.lost112.go.kr/lostnfs/images/uploadImg/thumbnail/20200401/r_20200401111235764.jpg,컴퓨터,삼성노트북,화이트,흰
F2020031600001491-1,https://www.lost112.go.kr/lostnfs/images/sub/img04_no_img.gif,귀금속,목걸이,화이트,흰
F2020031600001483-1,https://www.lost112.go.kr/lostnfs/images/sub/img04_no_img.gif,귀금속,반지,오렌지,선명한오렌지
F2020031600001393-1,https://www.lost112.go.kr/lostnfs/images/sub/img04_no_img.gif,전자기기,기타용품,블랙,검정
F2020031600001389-1,https://www.lost112.go.kr/lostnfs/images/sub/img04_no_img.gif,휴대폰,스카이휴대폰,화이트,흰
F2020031600001373-1,https://www.lost112.go.kr/lostnfs/images/uploadImg/thumbnail/20200316/r_20200316025739361.jpg,지갑,기타 지갑,오렌지,선명한오렌지
F2020031600001284-2,https://www.lost112.go.kr/lostnfs/images/sub/img04_no_img.gif,휴대폰,기타통신기기,오렌지,연한오렌지
F2020031600001284-1,https://www.lost112.go.kr/lostnfs/images/uploadImg/thumbnail/20200316/20200316035310017.jpg,기타물품,기타,블랙,검정
F2020031600001276-1,https://www.lost112.go.kr/lostnfs/images/uploadImg/thumbnail/20200316/r_20200316025003771.jpg,지갑,기타 지갑,다크레드,진빨강
F2020031600001244-1,https://www.lost112.go.kr/lostnfs/images/sub/img04_no_img.gif,귀금속,기타,피치오렌지,오렌지
F2020031600001204-1,https://www.lost112.go.kr/lostnfs/images/sub/img04_no_img.gif,귀금속,귀걸이,엘로우,밝은노랑
F2020031600000904-1,https://www.lost112.go.kr/lostnfs/images/uploadImg/thumbnail/20200313/20200313100927485.jpg,전자기기,기타용품,화이트,흰
F2020031600000610-1,https://www.lost112.go.kr/lostnfs/images/uploadImg/thumbnail/20200318/r_20200318055109109.jpg,지갑,기타 지갑,블랙,검정
F2020031600000596-1,https://www.lost112.go.kr/lostnfs/images/uploadImg/thumbnail/20200318/r_20200318021213349.jpg,지갑,기타 지갑,다크시안,어두운청록
F2020031600000376-1,https://www.lost112.go.kr/lostnfs/images/uploadImg/thumbnail/20200318/r_20200318092544161.jpg,지갑,남성용 지갑,블랙,검정
V0002858F03150016-1,https://www.lost112.go.kr/lostnfs/images/uploadImg/thumbnail/20200315/20200315045147375.jpg,지갑,여성용 지갑,블랙,검정
V0002858F03150014-1,https://www.lost112.go.kr/lostnfs/images/uploadImg/thumbnail/20200315/20200315045023164.jpg,지갑,기타 지갑,블랙,검정
V0002858F03150012-1,https://www.lost112.go.kr/lostnfs/images/uploadImg/thumbnail/20200315/20200315044740133.jpg,카드,신용(체크)카드,블랙,검정
V0002858F03150010-1,https://www.lost112.go.kr/lostnfs/images/uploadImg/thumbnail/20200315/20200315044439718.jpg,카드,신용(체크)카드,엘로우,노랑
V0002858F03150008-1,https://www.lost112.go.kr/lostnfs/images/uploadImg/thumbnail/20200315/20200315044318634.jpg,카드,신용(체크)카드,딥스카이블루,새파란하늘
F2020031500000386-1,https://www.lost112.go.kr/lostnfs/images/uploadImg/thumbnail/20200316/20200316043216251.jpg,의류,남성의류,엘로우,노랑
F2020031300001346-1,https://www.lost112.go.kr/lostnfs/images/uploadImg/thumbnail/20200320/r_20200320080610376.jpg,지갑,남성용 지갑,블랙,검정
F2020031300002191-1,https://www.lost112.go.kr/lostnfs/images/uploadImg/thumbnail/20200313/20200313042122990.jpg,카드,기타카드,코발트,짙은청록
F2020031300002183-1,https://www.lost112.go.kr/lostnfs/images/uploadImg/thumbnail/20200313/20200313042010193.jpg,카드,기타카드,로열블루,밝은남
F2020031300002181-1,https://www.lost112.go.kr/lostnfs/images/uploadImg/thumbnail/20200313/20200313041918713.jpg,카드,기타카드,화이트,흰
F2020031300002173-1,https://www.lost112.go.kr/lostnfs/images/uploadImg/thumbnail/20200313/20200313041708792.jpg,카드,기타카드,퓨시아,자홍
F2020031300002169-1,https://www.lost112.go.kr/lostnfs/images/uploadImg/thumbnail/20200313/20200313041550898.jpg,카드,기타카드,라임,라임
F2020031300002159-1,https://www.lost112.go.kr/lostnfs/images/uploadImg/thumbnail/20200313/20200313042422899.jpg,카드,기타카드,엘로우,밝은노랑
F2020031300002155-1,https://www.lost112.go.kr/lostnfs/images/uploadImg/thumbnail/20200313/20200313042302877.jpg,카드,기타카드,화이트,흰
F2020031300002149-1,https://www.lost112.go.kr/lostnfs/images/uploadImg/thumbnail/20200313/20200313041106648.jpg,카드,기타카드,블랙,검정
F2020031300002021-1,https://www.lost112.go.kr/lostnfs/images/sub/img04_no_img.gif,귀금속,목걸이,그레이,회
F2020031300001693-1,https://www.lost112.go.kr/lostnfs/images/uploadImg/thumbnail/20200316/r_20200316045247133.jpg,지갑,기타 지갑,피치오렌지,오렌지
F2020031300001693-2,https://www.lost112.go.kr/lostnfs/images/uploadImg/thumbnail/20200316/r_20200316045247133.jpg,현금,현금,화이트,흰
F2020031300001058-2,https://www.lost112.go.kr/lostnfs/images/uploadImg/thumbnail/20200313/r_20200313035835651.jpg,현금,현금,화이트,흰
F2020031300001058-1,https://www.lost112.go.kr/lostnfs/images/uploadImg/thumbnail/20200313/r_20200313035835651.jpg,지갑,기타 지갑,오렌지,연한오렌지
F2020031300001019-1,https://www.lost112.go.kr/lostnfs/images/sub/img04_no_img.gif,컴퓨터,기타,블랙,검정
F2020031200001704-1,https://www.lost112.go.kr/lostnfs/images/uploadImg/thumbnail/20200312/r_20200312040308862.jpg,지갑,남성용 지갑,블랙,검정
F2020031200001700-1,https://www.lost112.go.kr/lostnfs/images/uploadImg/thumbnail/20200312/r_20200312040404308.jpg,지갑,여성용 지갑,그레이,회
F2020031200001698-1,https://www.lost112.go.kr/lostnfs/images/uploadImg/thumbnail/20200312/r_20200312040451148.jpg,지갑,남성용 지갑,블랙,검정
F2020031200001441-1,https://www.lost112.go.kr/lostnfs/images/sub/img04_no_img.gif,귀금속,반지,오렌지,연한오렌지
F2020031200001411-2,https://www.lost112.go.kr/lostnfs/images/uploadImg/thumbnail/20200312/r_20200312034149382.jpg,현금,현금,화이트,흰
F2020031200001411-1,https://www.lost112.go.kr/lostnfs/images/uploadImg/thumbnail/20200312/r_20200312034149382.jpg,지갑,여성용 지갑,라임그린,어두운청록
F2020031200001333-1,https://www.lost112.go.kr/lostnfs/images/uploadImg/thumbnail/20200312/r_20200312032352385.jpg,지갑,기타 지갑,핑크,연한핑크
F2020031200001488-1,https://www.lost112.go.kr/lostnfs/images/uploadImg/thumbnail/20200320/r_20200320075734872.jpg,지갑,남성용 지갑,브라운,갈
F2020031200001281-1,https://www.lost112.go.kr/lostnfs/images/uploadImg/thumbnail/20200312/r_20200312030737401.jpg,지갑,여성용 지갑,알리자린,홍
F2020031200000831-1,https://www.lost112.go.kr/lostnfs/images/uploadImg/thumbnail/20200217/r_20200217060436930.jpg,가방,남성용가방,블랙,검정
F2020031200000829-1,https://www.lost112.go.kr/lostnfs/images/uploadImg/thumbnail/20200218/r_20200218063306812.jpg,기타물품,기타,그레이,회
F2020031200000825-1,https://www.lost112.go.kr/lostnfs/images/uploadImg/thumbnail/20200221/r_20200221061624092.jpg,기타물품,기타,핑크,분홍
F2020031200000345-1,https://www.lost112.go.kr/lostnfs/images/uploadImg/thumbnail/20200317/r_20200317090840817.jpg,지갑,기타 지갑,블랙,검정
F2020031200000341-1,https://www.lost112.go.kr/lostnfs/images/uploadImg/thumbnail/20200312/r_20200312084234550.jpg,기타물품,기타,그레이,회
F2020031200000337-1,https://www.lost112.go.kr/lostnfs/images/uploadImg/thumbnail/20200312/r_20200312084350068.jpg,휴대폰,기타통신기기,그레이,암회
F2020031200000145-1,https://www.lost112.go.kr/lostnfs/images/uploadImg/thumbnail/20200312/r_20200312084603617.jpg,도서용품,기타서적,에메랄드,선녹
F2020031200000141-1,https://www.lost112.go.kr/lostnfs/images/uploadImg/thumbnail/20200312/r_20200312084741971.jpg,기타물품,기타,블루,파랑
F2020031200000137-1,https://www.lost112.go.kr/lostnfs/images/uploadImg/thumbnail/20200312/r_20200312085604400.jpg,쇼핑백,쇼핑백,블랙,검정
F2020031100002140-1,https://www.lost112.go.kr/lostnfs/images/uploadImg/thumbnail/20200316/r_20200316020245793.jpg,기타물품,기타,그레이,회
F2020031100001490-1,https://www.lost112.go.kr/lostnfs/images/sub/img04_no_img.gif,전자기기,기타용품,화이트,흰
F2020031100001511-1,https://www.lost112.go.kr/lostnfs/images/sub/img04_no_img.gif,기타물품,기타,블랙,검정
F2020031100001234-1,https://www.lost112.go.kr/lostnfs/images/sub/img04_no_img.gif,서류,서류,다크오렌지,어두운오렌지
F2020031100001021-1,https://www.lost112.go.kr/lostnfs/images/uploadImg/thumbnail/20200306/20200306041338729.JPG,컴퓨터,기타,블랙,검정
F2020031100000706-1,https://www.lost112.go.kr/lostnfs/images/sub/img04_no_img.gif,기타물품,기타,그레이,회
F2020031100000698-1,https://www.lost112.go.kr/lostnfs/images/sub/img04_no_img.gif,기타물품,기타,블랙,검정
F2020031000001707-1,https://www.lost112.go.kr/lostnfs/images/sub/img04_no_img.gif,귀금속,시계,그레이,회
F2020031000001705-1,https://www.lost112.go.kr/lostnfs/images/sub/img04_no_img.gif,휴대폰,삼성휴대폰,화이트,흰
F2020031000001595-1,https://www.lost112.go.kr/lostnfs/images/sub/img04_no_img.gif,휴대폰,기타통신기기,블랙,검정
F2020031000001593-1,https://www.lost112.go.kr/lostnfs/images/sub/img04_no_img.gif,휴대폰,LG휴대폰,레드,연한레드
F2020031000001591-1,https://www.lost112.go.kr/lostnfs/images/sub/img04_no_img.gif,휴대폰,LG휴대폰,블랙,검정
F2020031000001587-1,https://www.lost112.go.kr/lostnfs/images/sub/img04_no_img.gif,휴대폰,LG휴대폰,블랙,검정
F2020031000001583-1,https://www.lost112.go.kr/lostnfs/images/sub/img04_no_img.gif,휴대폰,삼성휴대폰,블랙,검정
F2020031000001581-1,https://www.lost112.go.kr/lostnfs/images/sub/img04_no_img.gif,휴대폰,LG휴대폰,딥스카이블루,새파란하늘
F2020031000001579-1,https://www.lost112.go.kr/lostnfs/images/sub/img04_no_img.gif,휴대폰,LG휴대폰,화이트,흰
F2020031000001527-1,https://www.lost112.go.kr/lostnfs/images/sub/img04_no_img.gif,휴대폰,LG휴대폰,딥스카이블루,새파란하늘
F2020031000001415-1,https://www.lost112.go.kr/lostnfs/images/sub/img04_no_img.gif,귀금속,반지,에메랄드,선녹
F2020031000001399-1,https://www.lost112.go.kr/lostnfs/images/sub/img04_no_img.gif,귀금속,시계,브라운,갈
F2020031000001397-1,https://www.lost112.go.kr/lostnfs/images/sub/img04_no_img.gif,기타물품,기타,블랙,검정
F2020031000001319-1,https://www.lost112.go.kr/lostnfs/images/sub/img04_no_img.gif,의류,여성의류,오렌지,선명한오렌지
F2020031000001139-1,https://www.lost112.go.kr/lostnfs/images/sub/img04_no_img.gif,컴퓨터,기타,그레이,회
F2020031000001340-1,https://www.lost112.go.kr/lostnfs/images/uploadImg/thumbnail/20200302/r_20200302051408803.jpg,휴대폰,삼성휴대폰,블랙,검정
F2020031000001338-1,https://www.lost112.go.kr/lostnfs/images/uploadImg/thumbnail/20200302/r_20200302051915570.jpg,휴대폰,LG휴대폰,코발트,짙은청록
F2020031000001336-1,https://www.lost112.go.kr/lostnfs/images/uploadImg/thumbnail/20200302/r_20200302052422302.jpg,휴대폰,삼성휴대폰,그레이,회
F2020031000001332-1,https://www.lost112.go.kr/lostnfs/images/uploadImg/thumbnail/20200302/r_20200302052820440.jpg,휴대폰,LG휴대폰,화이트,흰
F2020031000001330-1,https://www.lost112.go.kr/lostnfs/images/uploadImg/thumbnail/20200302/r_20200302053528466.jpg,휴대폰,삼성휴대폰,블랙,검정
F2020031000001328-1,https://www.lost112.go.kr/lostnfs/images/uploadImg/thumbnail/20200302/r_20200302053555325.jpg,휴대폰,삼성휴대폰,그레이,회
F2020031000000195-1,https://www.lost112.go.kr/lostnfs/images/sub/img04_no_img.gif,기타물품,기타,블랙,검정
F2020031000000191-1,https://www.lost112.go.kr/lostnfs/images/sub/img04_no_img.gif,기타물품,기타,코럴,산호
F2020031000000185-1,https://www.lost112.go.kr/lostnfs/images/sub/img04_no_img.gif,귀금속,반지,그레이,암회
F2020031000000149-1,https://www.lost112.go.kr/lostnfs/images/sub/img04_no_img.gif,휴대폰,삼성휴대폰,코발트,짙은청록
F2020030900001172-1,https://www.lost112.go.kr/lostnfs/images/sub/img04_no_img.gif,쇼핑백,쇼핑백,화이트,흰
F2020030900001105-1,https://www.lost112.go.kr/lostnfs/images/sub/img04_no_img.gif,현금,현금,화이트,흰
F2020030900001103-1,https://www.lost112.go.kr/lostnfs/images/sub/img04_no_img.gif,유가증권,기타,핑크,분홍
F2020030900000993-1,https://www.lost112.go.kr/lostnfs/images/sub/img04_no_img.gif,기타물품,기타,레드,연한빨강
F2020030900000973-1,https://www.lost112.go.kr/lostnfs/images/uploadImg/thumbnail/20200219/20200219114849089.jpg,휴대폰,LG휴대폰,다크핑크,진분홍
F2020030900000951-1,https://www.lost112.go.kr/lostnfs/images/uploadImg/thumbnail/20200218/20200218125229631.jpg,현금,현금,블랙,검정
F2020030900000949-1,https://www.lost112.go.kr/lostnfs/images/uploadImg/thumbnail/20200302/20200302032439821.jpg,가방,기타가방,그레이,회
F2020030900000772-1,https://www.lost112.go.kr/lostnfs/images/uploadImg/thumbnail/20200324/r_20200324101803657.jpg,지갑,여성용 지갑,알리자린,홍
F2020030900000421-1,https://www.lost112.go.kr/lostnfs/images/sub/img04_no_img.gif,전자기기,기타용품,화이트,흰
F2020030900000349-1,https://www.lost112.go.kr/lostnfs/images/uploadImg/thumbnail/20200205/20200205041657653.jpg,카드,기타카드,에메랄드,선녹
F2020030900000345-1,https://www.lost112.go.kr/lostnfs/images/uploadImg/thumbnail/20200214/20200214054534986.jpg,카드,기타카드,바이올렛,보라
F2020030900000341-1,https://www.lost112.go.kr/lostnfs/images/uploadImg/thumbnail/20200217/20200217012331314.jpg,카드,기타카드,화이트,흰
F2020030900000337-1,https://www.lost112.go.kr/lostnfs/images/uploadImg/thumbnail/20200218/20200218041220232.jpg,카드,신용(체크)카드,블루,파랑
F2020030900000333-1,https://www.lost112.go.kr/lostnfs/images/sub/img04_no_img.gif,카드,신용(체크)카드,씨그린,노르스름한녹
F2020030900000317-1,https://www.lost112.go.kr/lostnfs/images/uploadImg/thumbnail/20200217/20200217012741125.jpg,현금,현금,샤르트뢰즈,역녹
F2020030900000315-1,https://www.lost112.go.kr/lostnfs/images/uploadImg/thumbnail/20200220/20200220033523251.jpg,현금,현금,코발트,짙은청록
F2020030900000313-1,https://www.lost112.go.kr/lostnfs/images/uploadImg/thumbnail/20200220/20200220033752717.jpg,현금,현금,올리브,녹갈
F2020030900000309-1,https://www.lost112.go.kr/lostnfs/images/uploadImg/thumbnail/20200220/20200220033631832.jpg,휴대폰,LG휴대폰,레드,빨강
F2020030800000660-1,https://www.lost112.go.kr/lostnfs/images/uploadImg/thumbnail/20200309/r_20200309043150073.jpg,휴대폰,삼성휴대폰,블랙,검정
F2020030800000648-1,https://www.lost112.go.kr/lostnfs/images/uploadImg/thumbnail/20200309/r_20200309043122430.jpg,휴대폰,아이폰,그레이,회
V0003872F03080012-1,https://www.lost112.go.kr/lostnfs/images/uploadImg/thumbnail/20200308/20200308022543321.jpg,지갑,남성용 지갑,블랙,검정
F2020030700000518-1,https://www.lost112.go.kr/lostnfs/images/uploadImg/thumbnail/20200307/20200307030314300.jpg,지갑,기타 지갑,블랙,검정
F2020030700000512-1,https://www.lost112.go.kr/lostnfs/images/uploadImg/thumbnail/20200307/20200307025243186.jpg,전자기기,기타용품,화이트,흰
F2020030700000506-1,https://www.lost112.go.kr/lostnfs/images/uploadImg/thumbnail/20200307/20200307024739884.jpg,지갑,기타 지갑,다크레드,진빨강
F2020030700000502-1,https://www.lost112.go.kr/lostnfs/images/uploadImg/thumbnail/20200307/20200307024243216.jpg,지갑,여성용 지갑,블랙,검정
F2020030700000468-1,https://www.lost112.go.kr/lostnfs/images/uploadImg/thumbnail/20200307/20200307022019551.jpg,가방,기타가방,블랙,검정
F2020030700000466-1,https://www.lost112.go.kr/lostnfs/images/uploadImg/thumbnail/20200307/20200307021304076.jpg,지갑,기타 지갑,시안,청록
F2020030700000450-1,https://www.lost112.go.kr/lostnfs/images/uploadImg/thumbnail/20200307/20200307015730297.jpg,지갑,여성용 지갑,블랙,검정
F2020030700000353-1,https://www.lost112.go.kr/lostnfs/images/uploadImg/thumbnail/20200307/20200307111010204.jpg,기타물품,기타,블랙,검정
F2020030600001645-1,https://www.lost112.go.kr/lostnfs/images/sub/img04_no_img.gif,휴대폰,아이폰,피치오렌지,오렌지
F2020030600001607-1,https://www.lost112.go.kr/lostnfs/images/sub/img04_no_img.gif,쇼핑백,쇼핑백,딥스카이블루,새파란하늘
F2020030600001646-1,https://www.lost112.go.kr/lostnfs/images/uploadImg/thumbnail/20200306/20200306052502832.jpg,휴대폰,삼성휴대폰,코럴,산호
F2020030600001476-1,https://www.lost112.go.kr/lostnfs/images/uploadImg/thumbnail/20200306/20200306041833992.jpg,지갑,남성용 지갑,그레이,회
F2020030600001370-1,https://www.lost112.go.kr/lostnfs/images/uploadImg/thumbnail/20200306/20200306035122399.JPG,기타물품,기타,엘로우,노랑
F2020030600001370-2,https://www.lost112.go.kr/lostnfs/images/uploadImg/thumbnail/20200306/20200306035234642.JPG,기타물품,기타,화이트,흰
F2020030600001370-4,https://www.lost112.go.kr/lostnfs/images/uploadImg/thumbnail/20200306/20200306035706054.JPG,지갑,여성용 지갑,브라운,갈
F2020030600001370-5,https://www.lost112.go.kr/lostnfs/images/uploadImg/thumbnail/20200306/20200306035916653.JPG,기타물품,기타,화이트,흰
F2020030600001370-3,https://www.lost112.go.kr/lostnfs/images/uploadImg/thumbnail/20200306/20200306035523733.JPG,휴대폰,LG휴대폰,블랙,검정
F2020030600001270-1,https://www.lost112.go.kr/lostnfs/images/uploadImg/thumbnail/20200309/20200309013038886.jpg,휴대폰,삼성휴대폰,화이트,흰
F2020030600001023-1,https://www.lost112.go.kr/lostnfs/images/uploadImg/thumbnail/20200316/r_20200316071554971.jpg,휴대폰,LG휴대폰,블랙,검정
F2020030600000966-1,https://www.lost112.go.kr/lostnfs/images/uploadImg/thumbnail/20200309/r_20200309054115439.jpg,전자기기,기타용품,화이트,흰
F2020030600000645-1,https://www.lost112.go.kr/lostnfs/images/sub/img04_no_img.gif,전자기기,기타용품,블랙,검정
F2020030600000638-1,https://www.lost112.go.kr/lostnfs/images/uploadImg/thumbnail/20200306/20200306111128886.jpg,지갑,기타 지갑,블랙,검정
F2020030600000622-1,https://www.lost112.go.kr/lostnfs/images/uploadImg/thumbnail/20200306/20200306105100449.jpg,가방,여성용가방,코럴,산호
F2020030600000580-1,https://www.lost112.go.kr/lostnfs/images/sub/img04_no_img.gif,지갑,기타 지갑,코발트,짙은청록
F2020030600000558-1,https://www.lost112.go.kr/lostnfs/images/sub/img04_no_img.gif,지갑,남성용 지갑,그레이,회
F2020030600000548-1,https://www.lost112.go.kr/lostnfs/images/uploadImg/thumbnail/20200306/20200306102357462.jpg,지갑,기타 지갑,코발트,짙은청록
F2020030600000442-1,https://www.lost112.go.kr/lostnfs/images/sub/img04_no_img.gif,지갑,기타 지갑,알리자린,홍
F2020030600000241-1,https://www.lost112.go.kr/lostnfs/images/uploadImg/thumbnail/20200306/r_20200306092149075.jpg,지갑,남성용 지갑,블랙,검정
F2020030600000235-1,https://www.lost112.go.kr/lostnfs/images/uploadImg/thumbnail/20200306/r_20200306092032104.jpg,지갑,여성용 지갑,블랙,검정
F2020030500002024-1,https://www.lost112.go.kr/lostnfs/images/uploadImg/thumbnail/20200305/r_20200305081954156.jpg,지갑,남성용 지갑,블랙,검정
F2020030500002018-1,https://www.lost112.go.kr/lostnfs/images/uploadImg/thumbnail/20200305/r_20200305081555191.jpg,지갑,여성용 지갑,블랙,검정
F2020030500002008-1,https://www.lost112.go.kr/lostnfs/images/uploadImg/thumbnail/20200305/r_20200305081140402.jpg,지갑,기타 지갑,브라운,갈
F2020030500002000-1,https://www.lost112.go.kr/lostnfs/images/uploadImg/thumbnail/20200305/r_20200305080648252.jpg,지갑,기타 지갑,블랙,검정
V0003866F03050012-1,https://www.lost112.go.kr/lostnfs/images/uploadImg/thumbnail/20200305/20200305043429022.JPG,전자기기,기타용품,블랙,검정
V0003866F03050010-1,https://www.lost112.go.kr/lostnfs/images/uploadImg/thumbnail/20200305/20200305043028879.JPG,의류,기타의류,샤르트뢰즈,역녹
V0003866F03050008-1,https://www.lost112.go.kr/lostnfs/images/uploadImg/thumbnail/20200305/20200305041802805.JPG,전자기기,기타용품,화이트,흰
V0003866F03050006-1,https://www.lost112.go.kr/lostnfs/images/uploadImg/thumbnail/20200305/20200305041340774.JPG,의류,모자,블랙,검정
F2020030500001839-1,https://www.lost112.go.kr/lostnfs/images/sub/img04_no_img.gif,귀금속,귀걸이,엘로우,노랑
F2020030500001797-1,https://www.lost112.go.kr/lostnfs/images/sub/img04_no_img.gif,귀금속,시계,블랙,검정
F2020030500001795-1,https://www.lost112.go.kr/lostnfs/images/sub/img04_no_img.gif,귀금속,귀걸이,화이트,흰
F2020030500001793-1,https://www.lost112.go.kr/lostnfs/images/sub/img04_no_img.gif,귀금속,선글라스,화이트,흰
F2020030500001547-1,https://www.lost112.go.kr/lostnfs/images/uploadImg/thumbnail/20200203/20200203011830044.jpg,자동차,자동차열쇠,블랙,검정
F2020030500001545-1,https://www.lost112.go.kr/lostnfs/images/uploadImg/thumbnail/20200209/20200209115420444.jpg,귀금속,반지,그레이,회
F2020030500001543-1,https://www.lost112.go.kr/lostnfs/images/sub/img04_no_img.gif,귀금속,목걸이,엘로우,노랑
F2020030500001541-1,https://www.lost112.go.kr/lostnfs/images/uploadImg/thumbnail/20200220/20200220090647891.jpg,귀금속,귀걸이,터키오이스,옥
F2020030500001539-1,https://www.lost112.go.kr/lostnfs/images/uploadImg/thumbnail/20200220/20200220090759602.jpg,귀금속,기타,블랙,검정
F2020030500001537-1,https://www.lost112.go.kr/lostnfs/images/uploadImg/thumbnail/20200220/20200220090844309.jpg,귀금속,귀걸이,화이트,흰
F2020030500001535-1,https://www.lost112.go.kr/lostnfs/images/uploadImg/thumbnail/20200220/20200220090937355.jpg,귀금속,기타,그레이,회
F2020030500001395-1,https://www.lost112.go.kr/lostnfs/images/uploadImg/thumbnail/20200305/20200305020358535.jpg,유가증권,기타,블랙,검정
F2020030500001387-1,https://www.lost112.go.kr/lostnfs/images/uploadImg/thumbnail/20200305/20200305014640698.jpg,지갑,남성용 지갑,블랙,검정
F2020030500001287-1,https://www.lost112.go.kr/lostnfs/images/uploadImg/thumbnail/20200305/20200305011802279.jpg,지갑,여성용 지갑,피치오렌지,오렌지
F2020030500001259-1,https://www.lost112.go.kr/lostnfs/images/uploadImg/thumbnail/20200217/r_20200217074903390.jpg,가방,기타가방,블랙,검정
F2020030500001253-1,https://www.lost112.go.kr/lostnfs/images/uploadImg/thumbnail/20200305/20200305011608259.jpg,전자기기,기타용품,블랙,검정
F2020030500001251-1,https://www.lost112.go.kr/lostnfs/images/uploadImg/thumbnail/20200218/r_20200218095031955.jpg,의류,기타의류,블랙,검정
F2020030500001247-1,https://www.lost112.go.kr/lostnfs/images/uploadImg/thumbnail/20200218/r_20200218021930524.jpg,의류,기타의류,그레이,회
F2020030500001245-1,https://www.lost112.go.kr/lostnfs/images/uploadImg/thumbnail/20200218/r_20200218074809235.jpg,가방,기타가방,그레이,회
F2020030500001243-1,https://www.lost112.go.kr/lostnfs/images/uploadImg/thumbnail/20200220/r_20200220030307966.jpg,쇼핑백,쇼핑백,라임그린,어두운청록
F2020030500001237-1,https://www.lost112.go.kr/lostnfs/images/uploadImg/thumbnail/20200219/r_20200219075117542.jpg,의류,기타의류,레드,연한레드
F2020030500001235-1,https://www.lost112.go.kr/lostnfs/images/uploadImg/thumbnail/20200219/r_20200219075522046.jpg,기타물품,기타,그레이,회
F2020030500001233-1,https://www.lost112.go.kr/lostnfs/images/uploadImg/thumbnail/20200219/r_20200219080112749.jpg,기타물품,기타,그레이,회
F2020030500001231-1,https://www.lost112.go.kr/lostnfs/images/uploadImg/thumbnail/20200219/r_20200219092127366.jpg,의류,기타의류,실버,은
F2020030500001229-1,https://www.lost112.go.kr/lostnfs/images/uploadImg/thumbnail/20200219/r_20200219102508104.jpg,의류,기타의류,로열블루,밝은남
F2020030500001227-1,https://www.lost112.go.kr/lostnfs/images/uploadImg/thumbnail/20200225/r_20200225065200051.jpg,기타물품,기타,브라운,갈
F2020030500001225-1,https://www.lost112.go.kr/lostnfs/images/uploadImg/thumbnail/20200220/r_20200220080802563.jpg,가방,기타가방,그레이,암회
F2020030500001223-1,https://www.lost112.go.kr/lostnfs/images/uploadImg/thumbnail/20200220/r_20200220044133155.jpg,전자기기,기타용품,블랙,검정
F2020030500001219-1,https://www.lost112.go.kr/lostnfs/images/sub/img04_no_img.gif,기타물품,기타,다크오렌지,어두운오렌지
F2020030500001217-1,https://www.lost112.go.kr/lostnfs/images/uploadImg/thumbnail/20200220/r_20200220081306845.jpg,전자기기,기타용품,화이트,흰
F2020030500001215-1,https://www.lost112.go.kr/lostnfs/images/uploadImg/thumbnail/20200220/r_20200220104102296.jpg,가방,기타가방,블랙,검정
F2020030500001213-1,https://www.lost112.go.kr/lostnfs/images/uploadImg/thumbnail/20200221/r_20200221065357414.jpg,기타물품,기타,브라운,갈
F2020030500001211-1,https://www.lost112.go.kr/lostnfs/images/uploadImg/thumbnail/20200305/20200305011345000.jpg,기타물품,기타,블랙,검정
F2020030500001207-1,https://www.lost112.go.kr/lostnfs/images/uploadImg/thumbnail/20200221/r_20200221074021099.jpg,가방,기타가방,브라운,갈
F2020030500001197-1,https://www.lost112.go.kr/lostnfs/images/uploadImg/thumbnail/20200305/20200305012607398.jpg,지갑,남성용 지갑,블랙,검정
F2020030500001193-1,https://www.lost112.go.kr/lostnfs/images/uploadImg/thumbnail/20200222/r_20200222105748140.jpg,가방,기타가방,피치오렌지,오렌지
F2020030500000505-1,https://www.lost112.go.kr/lostnfs/images/uploadImg/thumbnail/20200305/20200305105844298.jpg,지갑,여성용 지갑,블랙,검정
F2020030500000503-1,https://www.lost112.go.kr/lostnfs/images/uploadImg/thumbnail/20200305/20200305110341837.jpg,지갑,남성용 지갑,블랙,검정
F2020030500000231-1,https://www.lost112.go.kr/lostnfs/images/uploadImg/thumbnail/20200205/20200205104621458.jpg,휴대폰,LG휴대폰,화이트,흰
F2020030500000229-1,https://www.lost112.go.kr/lostnfs/images/uploadImg/thumbnail/20200205/20200205105632350.jpg,휴대폰,LG휴대폰,브라운,갈
F2020030500000227-1,https://www.lost112.go.kr/lostnfs/images/sub/img04_no_img.gif,귀금속,반지,다크오렌지,어두운오렌지
F2020030500000225-1,https://www.lost112.go.kr/lostnfs/images/sub/img04_no_img.gif,귀금속,목걸이,오렌지,연한오렌지
F2020030500000223-1,https://www.lost112.go.kr/lostnfs/images/sub/img04_no_img.gif,귀금속,귀걸이,화이트,흰
F2020030500000221-1,https://www.lost112.go.kr/lostnfs/images/sub/img04_no_img.gif,귀금속,기타,화이트,흰
F2020030500000219-1,https://www.lost112.go.kr/lostnfs/images/sub/img04_no_img.gif,귀금속,귀걸이,그레이,회
F2020030500000217-1,https://www.lost112.go.kr/lostnfs/images/sub/img04_no_img.gif,귀금속,귀걸이,코럴,산호
F2020030500000215-1,https://www.lost112.go.kr/lostnfs/images/sub/img04_no_img.gif,귀금속,귀걸이,라이트그레이,옅은회
F2020030500000211-1,https://www.lost112.go.kr/lostnfs/images/sub/img04_no_img.gif,귀금속,귀걸이,다크오렌지,어두운오렌지
F2020030500000209-1,https://www.lost112.go.kr/lostnfs/images/sub/img04_no_img.gif,귀금속,기타,다크오렌지,어두운오렌지
F2020030500000207-1,https://www.lost112.go.kr/lostnfs/images/sub/img04_no_img.gif,귀금속,기타,다크오렌지,어두운오렌지
F2020030500000205-1,https://www.lost112.go.kr/lostnfs/images/sub/img04_no_img.gif,기타물품,기타,블랙,검정
F2020030500000203-1,https://www.lost112.go.kr/lostnfs/images/uploadImg/thumbnail/20200208/20200208012910057.jpg,기타물품,기타,그레이,암회
F2020030500000201-1,https://www.lost112.go.kr/lostnfs/images/uploadImg/thumbnail/20200208/20200208013252325.jpg,기타물품,기타,올리브,녹갈
F2020030500000195-1,https://www.lost112.go.kr/lostnfs/images/uploadImg/thumbnail/20200208/20200208014131642.jpg,기타물품,기타,샤르트뢰즈,역녹
F2020030500000193-1,https://www.lost112.go.kr/lostnfs/images/uploadImg/thumbnail/20200208/20200208014141746.jpg,카드,일반카드,딥스카이블루,새파란하늘
F2020030500000191-1,https://www.lost112.go.kr/lostnfs/images/uploadImg/thumbnail/20200208/20200208014552840.jpg,가방,기타가방,블루,파랑
F2020030500000189-1,https://www.lost112.go.kr/lostnfs/images/uploadImg/thumbnail/20200208/20200208015332061.jpg,의류,기타의류,화이트,흰
F2020030500000187-1,https://www.lost112.go.kr/lostnfs/images/uploadImg/thumbnail/20200208/20200208015334936.jpg,의류,모자,그레이,회
F2020030500000185-1,https://www.lost112.go.kr/lostnfs/images/uploadImg/thumbnail/20200208/20200208015540395.jpg,기타물품,기타,샤르트뢰즈,역녹
F2020030500000183-1,https://www.lost112.go.kr/lostnfs/images/uploadImg/thumbnail/20200208/20200208015635870.jpg,기타물품,기타,샤르트뢰즈,역녹
F2020030500000181-1,https://www.lost112.go.kr/lostnfs/images/sub/img04_no_img.gif,전자기기,기타용품,화이트,흰
F2020030500000179-1,https://www.lost112.go.kr/lostnfs/images/uploadImg/thumbnail/20200208/20200208020011889.jpg,의류,기타의류,블루바이올렛,남보라
F2020030500000177-1,https://www.lost112.go.kr/lostnfs/images/uploadImg/thumbnail/20200208/20200208021430195.jpg,도서용품,기타서적,그레이,회
F2020030500000173-1,https://www.lost112.go.kr/lostnfs/images/sub/img04_no_img.gif,전자기기,기타용품,화이트,흰
F2020030500000169-1,https://www.lost112.go.kr/lostnfs/images/uploadImg/thumbnail/20200209/20200209050547485.jpg,의류,기타의류,그레이,회
F2020030500000167-1,https://www.lost112.go.kr/lostnfs/images/uploadImg/thumbnail/20200210/20200210080834705.jpg,기타물품,기타,마젠타,자홍
F2020030500000165-1,https://www.lost112.go.kr/lostnfs/images/uploadImg/thumbnail/20200211/20200211105946899.jpg,기타물품,기타,알리자린,홍
F2020030500000159-1,https://www.lost112.go.kr/lostnfs/images/uploadImg/thumbnail/20200213/20200213040218824.jpg,의류,신발,브라운,갈
F2020030500000149-1,https://www.lost112.go.kr/lostnfs/images/sub/img04_no_img.gif,귀금속,반지,화이트,흰
F2020030500000147-1,https://www.lost112.go.kr/lostnfs/images/uploadImg/thumbnail/20200217/20200217104755901.jpg,의류,모자,엘로우,노랑
F2020030500000137-1,https://www.lost112.go.kr/lostnfs/images/uploadImg/thumbnail/20200221/20200221112059510.jpg,의류,기타의류,그레이,회
F2020030500000135-1,https://www.lost112.go.kr/lostnfs/images/uploadImg/thumbnail/20200221/20200221112501588.jpg,의류,기타의류,블랙,검정
F2020030500000133-1,https://www.lost112.go.kr/lostnfs/images/uploadImg/thumbnail/20200221/20200221112753711.jpg,휴대폰,기타통신기기,블랙,검정
F2020030500000131-1,https://www.lost112.go.kr/lostnfs/images/uploadImg/thumbnail/20200221/20200221094822874.jpg,의류,기타의류,피치오렌지,오렌지
F2020030500000129-1,https://www.lost112.go.kr/lostnfs/images/uploadImg/thumbnail/20200221/20200221095709340.jpg,기타물품,기타,코럴,산호
F2020030500000127-1,https://www.lost112.go.kr/lostnfs/images/uploadImg/thumbnail/20200221/20200221100149606.jpg,가방,기타가방,시안,청록
F2020030400002560-1,https://www.lost112.go.kr/lostnfs/images/sub/img04_no_img.gif,휴대폰,삼성휴대폰,그레이,회
F2020030400002558-1,https://www.lost112.go.kr/lostnfs/images/uploadImg/thumbnail/20200222/20200222025000325.jpg,가방,남성용가방,블랙,검정
F2020030400002338-1,https://www.lost112.go.kr/lostnfs/images/uploadImg/thumbnail/20200213/20200213060234875.JPG,기타물품,기타,블랙,검정
F2020030400002336-1,https://www.lost112.go.kr/lostnfs/images/uploadImg/thumbnail/20200213/20200213060408941.JPG,기타물품,기타,그레이,회
F2020030400002332-1,https://www.lost112.go.kr/lostnfs/images/uploadImg/thumbnail/20200213/20200213060720775.JPG,기타물품,기타,화이트,흰
F2020030400002326-1,https://www.lost112.go.kr/lostnfs/images/uploadImg/thumbnail/20200213/20200213061235865.JPG,기타물품,기타,블랙,검정
F2020030400002322-1,https://www.lost112.go.kr/lostnfs/images/uploadImg/thumbnail/20200213/20200213061643289.JPG,기타물품,기타,엘로우,노랑
F2020030400002318-1,https://www.lost112.go.kr/lostnfs/images/uploadImg/thumbnail/20200213/20200213062004523.JPG,자동차,자동차열쇠,블랙,검정
F2020030400002314-1,https://www.lost112.go.kr/lostnfs/images/uploadImg/thumbnail/20200213/20200213062344810.JPG,가방,기타가방,라임그린,어두운청록
F2020030400002308-1,https://www.lost112.go.kr/lostnfs/images/uploadImg/thumbnail/20200214/20200214055930724.JPG,의류,기타의류,블랙,검정
F2020030400002302-1,https://www.lost112.go.kr/lostnfs/images/uploadImg/thumbnail/20200214/20200214062011414.JPG,기타물품,기타,브라운,갈
F2020030400002292-1,https://www.lost112.go.kr/lostnfs/images/uploadImg/thumbnail/20200214/20200214065406326.JPG,기타물품,기타,블랙,검정
F2020030400002290-1,https://www.lost112.go.kr/lostnfs/images/uploadImg/thumbnail/20200214/20200214065705765.JPG,자동차,자동차열쇠,블랙,검정
F2020030400002288-1,https://www.lost112.go.kr/lostnfs/images/uploadImg/thumbnail/20200214/20200214065954780.JPG,기타물품,기타,블랙,검정
F2020030400002286-1,https://www.lost112.go.kr/lostnfs/images/uploadImg/thumbnail/20200214/20200214070325273.JPG,쇼핑백,쇼핑백,화이트,흰
F2020030400002284-1,https://www.lost112.go.kr/lostnfs/images/uploadImg/thumbnail/20200214/20200214070935202.JPG,가방,기타가방,블랙,검정
F2020030400002278-1,https://www.lost112.go.kr/lostnfs/images/uploadImg/thumbnail/20200215/20200215061728070.JPG,가방,기타가방,그레이,회
F2020030400002272-1,https://www.lost112.go.kr/lostnfs/images/uploadImg/thumbnail/20200215/20200215062806657.JPG,전자기기,기타용품,화이트,흰
F2020030400002270-1,https://www.lost112.go.kr/lostnfs/images/uploadImg/thumbnail/20200215/20200215063019187.JPG,기타물품,기타,블랙,검정
F2020030400002268-1,https://www.lost112.go.kr/lostnfs/images/uploadImg/thumbnail/20200215/20200215063252918.JPG,의류,기타의류,블랙,검정
F2020030400002266-1,https://www.lost112.go.kr/lostnfs/images/uploadImg/thumbnail/20200215/20200215063451625.JPG,의류,기타의류,브라운,갈
F2020030400002260-1,https://www.lost112.go.kr/lostnfs/images/sub/img04_no_img.gif,귀금속,반지,실버,은
F2020030400002252-1,https://www.lost112.go.kr/lostnfs/images/uploadImg/thumbnail/20200215/20200215070440479.JPG,가방,기타가방,그레이,회
F2020030400002246-1,https://www.lost112.go.kr/lostnfs/images/uploadImg/thumbnail/20200215/20200215071532047.JPG,자동차,자동차열쇠,브라운,갈
F2020030400002240-1,https://www.lost112.go.kr/lostnfs/images/uploadImg/thumbnail/20200215/20200215072156436.JPG,기타물품,기타,블랙,검정
F2020030400002232-1,https://www.lost112.go.kr/lostnfs/images/uploadImg/thumbnail/20200215/20200215073424056.JPG,기타물품,기타,블랙,검정
F2020030400002230-1,https://www.lost112.go.kr/lostnfs/images/uploadImg/thumbnail/20200216/20200216060306104.JPG,쇼핑백,쇼핑백,화이트,흰
F2020030400002214-1,https://www.lost112.go.kr/lostnfs/images/uploadImg/thumbnail/20200216/20200216062214370.JPG,자동차,자동차열쇠,블랙,검정
F2020030400002212-1,https://www.lost112.go.kr/lostnfs/images/sub/img04_no_img.gif,귀금속,반지,실버,은
F2020030400002210-1,https://www.lost112.go.kr/lostnfs/images/uploadImg/thumbnail/20200216/20200216062528204.JPG,기타물품,기타,그레이,회
F2020030400002208-1,https://www.lost112.go.kr/lostnfs/images/uploadImg/thumbnail/20200216/20200216062717850.JPG,기타물품,기타,블루바이올렛,남보라
F2020030400002200-1,https://www.lost112.go.kr/lostnfs/images/uploadImg/thumbnail/20200217/20200217060115791.JPG,쇼핑백,쇼핑백,화이트,흰
F2020030400002198-1,https://www.lost112.go.kr/lostnfs/images/uploadImg/thumbnail/20200217/20200217060512979.JPG,자동차,자동차열쇠,브라운,갈
F2020030400002184-1,https://www.lost112.go.kr/lostnfs/images/uploadImg/thumbnail/20200217/20200217063551334.JPG,전자기기,기타용품,블랙,검정
F2020030400002180-1,https://www.lost112.go.kr/lostnfs/images/uploadImg/thumbnail/20200217/20200217064105289.JPG,가방,기타가방,엘로우,밝은노랑
F2020030400002178-1,https://www.lost112.go.kr/lostnfs/images/uploadImg/thumbnail/20200217/20200217064349089.JPG,의류,기타의류,블랙,검정
F2020030400002176-1,https://www.lost112.go.kr/lostnfs/images/uploadImg/thumbnail/20200217/20200217064710902.JPG,전자기기,기타용품,화이트,흰
F2020030400002160-1,https://www.lost112.go.kr/lostnfs/images/uploadImg/thumbnail/20200218/20200218063406671.JPG,귀금속,안경,화이트,흰
F2020030400002156-1,https://www.lost112.go.kr/lostnfs/images/uploadImg/thumbnail/20200218/20200218064150154.JPG,자동차,자동차열쇠,블랙,검정
F2020030400002152-1,https://www.lost112.go.kr/lostnfs/images/uploadImg/thumbnail/20200218/20200218065211506.JPG,의류,모자,다크오렌지,어두운오렌지
F2020030400002150-1,https://www.lost112.go.kr/lostnfs/images/uploadImg/thumbnail/20200218/20200218065445427.JPG,기타물품,기타,블랙,검정
F2020030400002146-1,https://www.lost112.go.kr/lostnfs/images/uploadImg/thumbnail/20200218/20200218070028599.JPG,쇼핑백,쇼핑백,화이트,흰
F2020030400002144-1,https://www.lost112.go.kr/lostnfs/images/uploadImg/thumbnail/20200218/20200218070330950.JPG,가방,기타가방,블랙,검정
F2020030400002142-1,https://www.lost112.go.kr/lostnfs/images/sub/img04_no_img.gif,귀금속,기타,실버,은
F2020030400002136-1,https://www.lost112.go.kr/lostnfs/images/uploadImg/thumbnail/20200219/20200219060149434.JPG,기타물품,기타,블랙,검정
F2020030400002118-1,https://www.lost112.go.kr/lostnfs/images/sub/img04_no_img.gif,귀금속,시계,실버,은
F2020030400002114-1,https://www.lost112.go.kr/lostnfs/images/uploadImg/thumbnail/20200219/20200219062150502.JPG,기타물품,기타,그레이,회
F2020030400002108-1,https://www.lost112.go.kr/lostnfs/images/uploadImg/thumbnail/20200219/20200219062922501.JPG,기타물품,기타,화이트,흰
F2020030400002096-1,https://www.lost112.go.kr/lostnfs/images/uploadImg/thumbnail/20200220/20200220060312094.JPG,전자기기,기타용품,화이트,흰
F2020030400002086-1,https://www.lost112.go.kr/lostnfs/images/uploadImg/thumbnail/20200220/20200220062059170.JPG,지갑,기타 지갑,그레이,회
F2020030400002084-1,https://www.lost112.go.kr/lostnfs/images/uploadImg/thumbnail/20200220/20200220062358197.JPG,기타물품,기타,블랙,검정
F2020030400002082-1,https://www.lost112.go.kr/lostnfs/images/uploadImg/thumbnail/20200220/20200220062638619.JPG,전자기기,기타용품,블랙,검정
F2020030400002080-1,https://www.lost112.go.kr/lostnfs/images/uploadImg/thumbnail/20200220/20200220063001572.JPG,기타물품,기타,샤르트뢰즈,역녹
F2020030400002078-1,https://www.lost112.go.kr/lostnfs/images/uploadImg/thumbnail/20200220/20200220063247445.JPG,의류,기타의류,피치오렌지,오렌지
F2020030400002074-1,https://www.lost112.go.kr/lostnfs/images/uploadImg/thumbnail/20200220/20200220063827872.JPG,의류,모자,브라운,갈
F2020030400002072-1,https://www.lost112.go.kr/lostnfs/images/uploadImg/thumbnail/20200220/20200220064118152.JPG,전자기기,기타용품,화이트,흰
F2020030400002070-1,https://www.lost112.go.kr/lostnfs/images/sub/img04_no_img.gif,귀금속,반지,그레이,회
F2020030400002066-1,https://www.lost112.go.kr/lostnfs/images/uploadImg/thumbnail/20200220/20200220065233958.JPG,전자기기,기타용품,터키오이스,옥
F2020030400002064-1,https://www.lost112.go.kr/lostnfs/images/uploadImg/thumbnail/20200221/20200221061315657.JPG,기타물품,기타,블랙,검정
F2020030400002058-1,https://www.lost112.go.kr/lostnfs/images/uploadImg/thumbnail/20200221/20200221062426211.JPG,귀금속,선글라스,블랙,검정
F2020030400002040-1,https://www.lost112.go.kr/lostnfs/images/uploadImg/thumbnail/20200221/20200221064639523.JPG,전자기기,기타용품,블랙,검정
F2020030400002036-1,https://www.lost112.go.kr/lostnfs/images/uploadImg/thumbnail/20200221/20200221065400963.JPG,의류,기타의류,블랙,검정
F2020030400002034-1,https://www.lost112.go.kr/lostnfs/images/sub/img04_no_img.gif,귀금속,귀걸이,피치오렌지,오렌지
F2020030400002026-1,https://www.lost112.go.kr/lostnfs/images/sub/img04_no_img.gif,전자기기,기타용품,블랙,검정
F2020030400002022-1,https://www.lost112.go.kr/lostnfs/images/uploadImg/thumbnail/20200221/20200221072504471.JPG,기타물품,기타,알리자린,홍
F2020030400002020-1,https://www.lost112.go.kr/lostnfs/images/uploadImg/thumbnail/20200221/20200221072739618.JPG,기타물품,기타,실버,은
F2020030400002016-1,https://www.lost112.go.kr/lostnfs/images/uploadImg/thumbnail/20200222/20200222060124431.JPG,가방,기타가방,브라운,갈
F2020030400002014-1,https://www.lost112.go.kr/lostnfs/images/uploadImg/thumbnail/20200222/20200222060332763.JPG,기타물품,기타,피치오렌지,오렌지
F2020030400002012-1,https://www.lost112.go.kr/lostnfs/images/sub/img04_no_img.gif,귀금속,시계,블랙,검정
F2020030400001998-1,https://www.lost112.go.kr/lostnfs/images/sub/img04_no_img.gif,귀금속,시계,실버,은
F2020030400001996-1,https://www.lost112.go.kr/lostnfs/images/uploadImg/thumbnail/20200222/20200222062133515.JPG,지갑,기타 지갑,블랙,검정
F2020030400001994-1,https://www.lost112.go.kr/lostnfs/images/sub/img04_no_img.gif,귀금속,시계,실버,은
F2020030400001992-1,https://www.lost112.go.kr/lostnfs/images/uploadImg/thumbnail/20200222/20200222062821664.JPG,지갑,기타 지갑,블랙,검정
F2020030400001990-1,https://www.lost112.go.kr/lostnfs/images/uploadImg/thumbnail/20200222/20200222063021675.JPG,기타물품,기타,블랙,검정
F2020030400001988-1,https://www.lost112.go.kr/lostnfs/images/uploadImg/thumbnail/20200222/20200222063429257.JPG,기타물품,기타,브라운,갈
F2020030400001986-1,https://www.lost112.go.kr/lostnfs/images/sub/img04_no_img.gif,귀금속,시계,실버,은
F2020030400001980-1,https://www.lost112.go.kr/lostnfs/images/uploadImg/thumbnail/20200222/20200222064222878.JPG,자동차,자동차열쇠,그레이,회
F2020030400001974-1,https://www.lost112.go.kr/lostnfs/images/uploadImg/thumbnail/20200223/20200223055415431.JPG,의류,기타의류,블랙,검정
F2020030400001972-1,https://www.lost112.go.kr/lostnfs/images/uploadImg/thumbnail/20200223/20200223055737310.JPG,기타물품,기타,브라운,갈
F2020030400001950-1,https://www.lost112.go.kr/lostnfs/images/uploadImg/thumbnail/20200223/20200223061245808.JPG,자동차,자동차열쇠,블랙,검정
F2020030400001948-1,https://www.lost112.go.kr/lostnfs/images/uploadImg/thumbnail/20200223/20200223061533455.JPG,가방,기타가방,블랙,검정
F2020030400001946-1,https://www.lost112.go.kr/lostnfs/images/uploadImg/thumbnail/20200223/20200223061758774.JPG,의류,모자,브라운,갈
F2020030400001944-1,https://www.lost112.go.kr/lostnfs/images/uploadImg/thumbnail/20200223/20200223062043233.JPG,전자기기,기타용품,블루,파랑
F2020030400001934-1,https://www.lost112.go.kr/lostnfs/images/uploadImg/thumbnail/20200223/20200223063553646.JPG,전자기기,기타용품,그레이,회
F2020030400001932-1,https://www.lost112.go.kr/lostnfs/images/uploadImg/thumbnail/20200223/20200223063820387.JPG,기타물품,기타,핑크,연한핑크
F2020030400001930-1,https://www.lost112.go.kr/lostnfs/images/uploadImg/thumbnail/20200223/20200223064133131.JPG,전자기기,기타용품,블랙,검정
F2020030400001926-1,https://www.lost112.go.kr/lostnfs/images/uploadImg/thumbnail/20200223/20200223064649762.JPG,가방,기타가방,레드,빨강
F2020030400001924-1,https://www.lost112.go.kr/lostnfs/images/uploadImg/thumbnail/20200223/20200223064914864.JPG,기타물품,기타,그레이,회
F2020030400001920-1,https://www.lost112.go.kr/lostnfs/images/uploadImg/thumbnail/20200223/20200223065505583.JPG,전자기기,기타용품,바이올렛,보라
F2020030400001916-1,https://www.lost112.go.kr/lostnfs/images/uploadImg/thumbnail/20200223/20200223070031654.JPG,전자기기,기타용품,화이트,흰
F2020030400001912-1,https://www.lost112.go.kr/lostnfs/images/sub/img04_no_img.gif,귀금속,목걸이,블랙,검정
F2020030400001908-1,https://www.lost112.go.kr/lostnfs/images/uploadImg/thumbnail/20200223/20200223071109947.JPG,기타물품,기타,엘로우,밝은노랑
F2020030400001904-1,https://www.lost112.go.kr/lostnfs/images/uploadImg/thumbnail/20200223/20200223072458619.JPG,기타물품,기타,블랙,검정
F2020030400001902-1,https://www.lost112.go.kr/lostnfs/images/sub/img04_no_img.gif,귀금속,반지,엘로우,노랑
F2020030400001896-1,https://www.lost112.go.kr/lostnfs/images/uploadImg/thumbnail/20200223/20200223073343736.JPG,기타물품,기타,블랙,검정
F2020030400001890-1,https://www.lost112.go.kr/lostnfs/images/uploadImg/thumbnail/20200224/20200224061549304.JPG,의류,모자,화이트,흰
F2020030400001884-1,https://www.lost112.go.kr/lostnfs/images/uploadImg/thumbnail/20200224/20200224062621955.JPG,지갑,기타 지갑,브라운,갈
F2020030400001878-1,https://www.lost112.go.kr/lostnfs/images/uploadImg/thumbnail/20200224/20200224063501435.JPG,의류,기타의류,블랙,검정
F2020030400001876-1,https://www.lost112.go.kr/lostnfs/images/uploadImg/thumbnail/20200224/20200224063906474.JPG,기타물품,기타,코발트,밝은남
F2020030400001874-1,https://www.lost112.go.kr/lostnfs/images/uploadImg/thumbnail/20200224/20200224065039715.JPG,기타물품,기타,코발트,짙은청록
F2020030400001872-1,https://www.lost112.go.kr/lostnfs/images/uploadImg/thumbnail/20200224/20200224065409896.JPG,전자기기,기타용품,블랙,검정
F2020030400001866-1,https://www.lost112.go.kr/lostnfs/images/uploadImg/thumbnail/20200224/20200224070401492.JPG,기타물품,기타,피치오렌지,오렌지
F2020030400001864-1,https://www.lost112.go.kr/lostnfs/images/uploadImg/thumbnail/20200224/20200224070649667.JPG,의류,기타의류,로열블루,밝은남
F2020030400001856-1,https://www.lost112.go.kr/lostnfs/images/uploadImg/thumbnail/20200224/20200224071922065.JPG,의류,기타의류,코발트,짙은청록
F2020030400001854-1,https://www.lost112.go.kr/lostnfs/images/uploadImg/thumbnail/20200224/20200224072121686.JPG,의류,기타의류,블랙,검정
F2020030400001842-1,https://www.lost112.go.kr/lostnfs/images/uploadImg/thumbnail/20200225/20200225061000043.JPG,기타물품,기타,그레이,회
F2020030400001840-1,https://www.lost112.go.kr/lostnfs/images/uploadImg/thumbnail/20200225/20200225061157507.JPG,의류,기타의류,그레이,회
F2020030400001907-1,https://www.lost112.go.kr/lostnfs/images/uploadImg/thumbnail/20200304/r_20200304043651658.jpg,지갑,여성용 지갑,코럴,산호
F2020030400001612-1,https://www.lost112.go.kr/lostnfs/images/uploadImg/thumbnail/20200229/20200229062649964.JPG,휴대폰,아이폰,블랙,검정
F2020030400001610-1,https://www.lost112.go.kr/lostnfs/images/uploadImg/thumbnail/20200229/20200229063031805.JPG,휴대폰,기타통신기기,블랙,검정
F2020030400001604-1,https://www.lost112.go.kr/lostnfs/images/uploadImg/thumbnail/20200229/20200229064017716.JPG,휴대폰,삼성휴대폰,엘로우,노랑
F2020030400001504-1,https://www.lost112.go.kr/lostnfs/images/uploadImg/thumbnail/20200304/20200304063923822.JPG,기타물품,기타,화이트,흰
F2020030400001502-1,https://www.lost112.go.kr/lostnfs/images/uploadImg/thumbnail/20200304/20200304064300709.JPG,쇼핑백,쇼핑백,화이트,흰
F2020030400001302-1,https://www.lost112.go.kr/lostnfs/images/sub/img04_no_img.gif,가방,남성용가방,라임그린,어두운청록
F2020030400001300-1,https://www.lost112.go.kr/lostnfs/images/sub/img04_no_img.gif,쇼핑백,쇼핑백,엘로우,밝은노랑
F2020030400001298-1,https://www.lost112.go.kr/lostnfs/images/sub/img04_no_img.gif,휴대폰,삼성휴대폰,블랙,검정
F2020030400001296-1,https://www.lost112.go.kr/lostnfs/images/sub/img04_no_img.gif,쇼핑백,쇼핑백,화이트,흰
F2020030400001294-1,https://www.lost112.go.kr/lostnfs/images/sub/img04_no_img.gif,기타물품,기타,화이트,흰
F2020030400001292-1,https://www.lost112.go.kr/lostnfs/images/sub/img04_no_img.gif,가방,기타가방,로열블루,밝은남
F2020030400001290-1,https://www.lost112.go.kr/lostnfs/images/sub/img04_no_img.gif,가방,기타가방,코발트,짙은청록
F2020030400001284-1,https://www.lost112.go.kr/lostnfs/images/sub/img04_no_img.gif,서류,서류,화이트,흰
F2020030400001282-1,https://www.lost112.go.kr/lostnfs/images/sub/img04_no_img.gif,쇼핑백,쇼핑백,블랙,검정
F2020030400001278-1,https://www.lost112.go.kr/lostnfs/images/sub/img04_no_img.gif,쇼핑백,쇼핑백,엘로우,노랑
F2020030400001258-1,https://www.lost112.go.kr/lostnfs/images/sub/img04_no_img.gif,귀금속,목걸이,오렌지,선명한오렌지
F2020030400001256-1,https://www.lost112.go.kr/lostnfs/images/sub/img04_no_img.gif,귀금속,시계,블랙,검정
F2020030400001254-1,https://www.lost112.go.kr/lostnfs/images/sub/img04_no_img.gif,쇼핑백,쇼핑백,화이트,흰
F2020030400001497-1,https://www.lost112.go.kr/lostnfs/images/uploadImg/thumbnail/20200304/r_20200304025829665.jpg,휴대폰,아이폰,그레이,회
F2020030400000947-1,https://www.lost112.go.kr/lostnfs/images/sub/img04_no_img.gif,귀금속,반지,코럴,산호
F2020030400000943-1,https://www.lost112.go.kr/lostnfs/images/sub/img04_no_img.gif,귀금속,반지,그레이,회
F2020030400000572-1,https://www.lost112.go.kr/lostnfs/images/uploadImg/thumbnail/20200222/r_20200222113532242.jpg,기타물품,기타,블랙,검정
F2020030400000568-1,https://www.lost112.go.kr/lostnfs/images/uploadImg/thumbnail/20200222/r_20200222084101042.jpg,가방,남성용가방,그레이,회
F2020030400000414-1,https://www.lost112.go.kr/lostnfs/images/uploadImg/thumbnail/20200304/20200304022112338.jpg,기타물품,기타,브라운,갈
F2020030400000382-1,https://www.lost112.go.kr/lostnfs/images/uploadImg/thumbnail/20200222/r_20200222053606977.jpg,가방,남성용가방,블랙,검정
F2020030400000380-1,https://www.lost112.go.kr/lostnfs/images/sub/img04_no_img.gif,귀금속,반지,피치오렌지,오렌지
F2020030400000378-1,https://www.lost112.go.kr/lostnfs/images/sub/img04_no_img.gif,귀금속,반지,화이트,흰
F2020030400000370-1,https://www.lost112.go.kr/lostnfs/images/uploadImg/thumbnail/20200221/r_20200221080902386.jpg,기타물품,기타,그레이,회
F2020030400000366-1,https://www.lost112.go.kr/lostnfs/images/uploadImg/thumbnail/20200220/r_20200220100812678.jpg,가방,남성용가방,엘로우,밝은노랑
F2020030400000265-1,https://www.lost112.go.kr/lostnfs/images/uploadImg/thumbnail/20200310/r_20200310053256823.jpg,휴대폰,아이폰,화이트,흰
F2020030400000152-1,https://www.lost112.go.kr/lostnfs/images/uploadImg/thumbnail/20200304/r_20200304045058516.jpg,의류,아기의류,블루,파랑
F2020030300002174-1,https://www.lost112.go.kr/lostnfs/images/uploadImg/thumbnail/20200303/20200303045110140.jpg,지갑,여성용 지갑,바이올렛,보라
F2020030300001391-1,https://www.lost112.go.kr/lostnfs/images/uploadImg/thumbnail/20200304/r_20200304014422160.jpg,가방,기타가방,블랙,검정
F2020030300000925-1,https://www.lost112.go.kr/lostnfs/images/uploadImg/thumbnail/20200304/r_20200304011357858.jpg,지갑,남성용 지갑,그레이,회
F2020030300000921-1,https://www.lost112.go.kr/lostnfs/images/uploadImg/thumbnail/20200312/r_20200312025859400.jpg,지갑,여성용 지갑,블랙,검정
F2020030300000599-1,https://www.lost112.go.kr/lostnfs/images/sub/img04_no_img.gif,지갑,기타 지갑,블랙,검정
F2020030300000587-1,https://www.lost112.go.kr/lostnfs/images/sub/img04_no_img.gif,전자기기,기타용품,화이트,흰
F2020030300000758-1,https://www.lost112.go.kr/lostnfs/images/uploadImg/thumbnail/20200303/20200303105518483.JPG,휴대폰,삼성휴대폰,레드,연한레드
F2020030300000410-1,https://www.lost112.go.kr/lostnfs/images/uploadImg/thumbnail/20200221/20200221064428661.jpeg,서류,서류,피치오렌지,오렌지
F2020030300000404-1,https://www.lost112.go.kr/lostnfs/images/uploadImg/thumbnail/20200221/20200221065434012.jpeg,의류,남성의류,블랙,검정
F2020030300000402-1,https://www.lost112.go.kr/lostnfs/images/uploadImg/thumbnail/20200221/20200221065640002.jpeg,의류,남성의류,그레이,회
F2020030300000374-1,https://www.lost112.go.kr/lostnfs/images/uploadImg/thumbnail/20200302/20200302095359298.jpg,기타물품,기타,블랙,검정
F2020030300000372-1,https://www.lost112.go.kr/lostnfs/images/uploadImg/thumbnail/20200302/20200302095249693.jpg,가방,기타가방,화이트,흰
F2020030300000370-1,https://www.lost112.go.kr/lostnfs/images/uploadImg/thumbnail/20200211/20200211090534995.jpg,전자기기,기타용품,블랙,검정
F2020030300000368-1,https://www.lost112.go.kr/lostnfs/images/uploadImg/thumbnail/20200211/20200211090410114.jpg,기타물품,기타,그린,초록
F2020030200002640-1,https://www.lost112.go.kr/lostnfs/images/uploadImg/thumbnail/20200228/20200228063943465.jpg,귀금속,반지,레드,연한레드
F2020030200002638-1,https://www.lost112.go.kr/lostnfs/images/uploadImg/thumbnail/20200228/20200228064243184.jpg,귀금속,귀걸이,그레이,회
F2020030200002636-1,https://www.lost112.go.kr/lostnfs/images/uploadImg/thumbnail/20200228/20200228064305903.jpg,자동차,자동차열쇠,블랙,검정
F2020030200002634-1,https://www.lost112.go.kr/lostnfs/images/uploadImg/thumbnail/20200228/20200228064451013.jpg,지갑,기타 지갑,레드,빨강
